"question_id","related_question_id"
2231,4693
2232,6894
2232,7734
2233,4751
2234,4685
2235,4686
2236,4718
2237,6851
2237,7691
2238,4656
2239,6852
2239,7692
2241,4727
2242,4712
2243,4722
2244,5407
2244,5831
2244,6508
2244,6813
2244,7653
2245,4721
2246,5564
2246,5979
2246,6656
2246,7055
2246,7895
2247,4709
2248,4689
2249,6825
2249,7665
2250,4673
2251,5398
2251,5822
2251,6499
2251,6803
2251,7643
2252,4684
2253,6748
2254,4732
2255,4683
2255,6826
2255,7666
2256,4658
2257,4717
2258,4711
2259,4695
2260,4719
2261,4681
2261,6824
2261,7664
2262,4666
2263,4762
2263,7054
2263,7894
2264,4705
2265,5318
2265,6419
2265,5742
2266,4744
2267,4664
2268,4761
2269,6896
2269,7736
2270,4771
2270,5825
2270,6502
2270,6806
2270,7646
2271,4655
2272,6910
2272,7750
2273,4725
2274,6780
2274,7620
2275,4688
2276,5743
2277,4657
2278,6782
2278,7622
2279,6778
2279,7618
2280,4726
2281,4699
2282,4728
2283,4764
2284,4662
2285,4713
2286,6911
2286,7751
2287,6848
2287,7688
2288,4770
2288,5824
2288,6501
2288,6805
2288,7645
2289,4720
2290,4739
2291,6857
2291,7697
2292,4703
2293,4707
2294,4667
2295,6850
2295,7690
2296,4708
2297,4690
2298,6897
2298,7737
2299,4663
2300,4676
2301,4700
2302,6779
2302,7619
2304,4714
2305,4659
2307,4766
2307,6801
2307,7641
2308,6783
2308,7623
2309,4697
2310,4694
2311,5399
2311,5823
2311,6500
2311,6804
2311,7644
2312,6849
2312,7689
2313,4696
2314,4738
2314,6853
2314,7693
2315,4774
2315,5828
2315,6505
2315,6810
2315,7650
2316,4654
2317,4743
2318,4692
2319,4680
2319,6822
2319,7662
2320,6790
2320,7630
2321,4687
2322,4752
2323,6819
2323,7659
2324,4760
2325,6820
2325,7660
2326,6799
2326,7639
2327,4759
2328,5403
2328,5827
2328,6504
2328,6808
2328,7648
2330,5230
2330,5657
2330,6334
2330,6758
2330,7598
2332,6895
2332,7735
2335,4740
2337,4715
2339,6821
2339,7661
2341,5402
2341,5826
2341,6503
2341,6807
2341,7647
2343,4704
2345,4706
2347,5646
2347,6070
2347,6747
2347,6845
2347,7685
2349,4660
2351,4701
2353,4710
2355,4665
2357,5397
2357,5821
2357,6498
2357,6802
2357,7642
2359,4724
2361,6888
2361,7728
2363,4691
2365,4750
2368,5626
2368,6050
2368,6727
2368,6840
2368,7680
2370,4723
2372,6858
2372,7698
2374,4668
2375,4731
2375,5649
2375,6073
2375,6750
2378,4716
2841,4821
2841,7135
2841,7975
2842,7258
2842,8098
2843,4825
2843,5866
2843,6543
2843,7139
2843,7979
2845,4950
2845,7259
2845,8099
2847,4800
2848,5464
2848,5888
2848,6565
2848,7201
2848,8041
2849,4966
2849,7315
2849,8155
2850,5443
2850,5867
2850,6544
2850,7140
2850,7980
2851,5432
2851,5856
2851,6533
2851,7130
2851,7970
2852,7101
2852,7941
2853,7214
2853,8054
2854,5463
2854,5887
2854,6564
2854,7200
2854,8040
2855,4798
2856,7093
2856,7933
2857,7123
2857,7963
2857,5426
2857,5850
2857,6527
2858,7244
2858,8084
2859,7243
2859,8083
2860,7102
2860,7942
2861,7311
2861,8151
2862,7099
2862,7939
2863,7213
2863,8053
2864,7100
2864,7940
2867,4953
2867,7262
2867,8102
2868,4776
2868,7077
2868,7917
2868,6293
2868,6228
2868,6294
2868,6229
2870,7104
2870,7944
2871,7319
2871,8159
2872,4960
2872,7309
2872,8149
2873,4791
2873,7103
2873,7943
2876,7109
2876,7949
2876,5413
2876,5837
2876,6514
2876,4794
2877,7215
2877,8055
2878,7257
2878,8097
2879,4891
2879,5891
2879,6568
2879,7222
2879,8062
2880,4799
2881,5434
2881,5858
2881,6535
2881,7132
2881,7972
2883,7310
2883,8150
2884,6523
2884,7960
2884,7120
2885,5437
2885,5861
2885,6538
2885,7134
2885,7974
2886,4890
2886,5890
2886,6567
2886,7221
2886,8061
2887,4969
2887,5514
2887,5938
2887,7321
2887,8161
2889,5416
2889,5840
2889,6517
2889,7112
2889,7952
2890,4954
2890,5498
2890,5922
2890,7295
2890,8135
2892,4982
2892,7334
2892,8174
2892,7335
2892,8175
2893,4827
2893,7151
2893,7991
2895,7219
2895,8059
2897,7217
2897,8057
2898,4977
2898,7329
2898,8169
2899,5451
2899,5875
2899,6552
2899,7159
2899,7999
2900,7089
2900,7929
2901,5421
2901,5845
2901,6522
2901,7117
2901,7957
2902,7324
2902,8164
2903,4892
2903,5892
2903,6569
2903,7223
2903,8063
2904,7079
2904,7919
2905,4896
2905,5896
2905,6573
2905,7227
2905,8067
2906,7254
2906,8094
2907,4899
2907,5899
2907,6576
2907,7230
2907,8070
2908,7078
2908,7918
2909,7218
2909,8058
2910,5450
2910,5874
2910,6551
2910,7158
2910,7998
2911,7320
2911,8160
2912,5419
2912,5843
2912,6520
2912,7115
2912,7955
2914,7090
2914,7930
2915,4802
2915,5841
2915,6518
2915,7113
2915,7953
2916,7092
2916,7932
2917,7322
2917,8162
2918,7308
2918,8148
2919,5444
2919,5868
2919,6545
2919,7152
2919,7992
2920,4888
2921,7328
2921,8168
2922,5420
2922,5844
2922,6521
2922,7116
2922,7956
2923,7325
2923,8165
2924,4889
2927,5429
2927,5853
2927,6530
2927,7126
2927,7966
2928,4955
2928,7296
2928,8136
2929,4814
2929,7129
2929,7969
2930,4978
2930,7330
2930,8170
2931,7253
2931,8093
2933,5418
2933,5842
2933,6519
2933,7114
2933,7954
2935,7260
2935,8100
2936,7261
2936,8101
2938,7216
2938,8056
2939,4981
2939,7333
2939,8173
2940,4785
2941,5445
2941,5869
2941,6546
2941,7153
2941,7993
2942,7327
2942,8167
2943,5484
2943,5908
2943,6585
2943,7263
2943,8103
2944,5447
2944,5871
2944,6548
2944,7155
2944,7995
2945,5473
2945,5897
2945,6574
2945,7228
2945,8068
2946,4796
2946,5415
2946,5839
2946,6516
2946,7111
2946,7951
2947,4893
2947,5893
2947,6570
2947,7224
2947,8064
2948,5446
2948,5870
2948,6547
2948,7154
2948,7994
2949,4786
2950,5441
2950,5865
2950,6542
2950,7138
2950,7978
2951,5424
2951,5848
2951,6525
2951,7122
2951,7962
2952,4965
2952,7314
2952,8154
2953,5453
2953,5877
2953,6554
2953,7161
2953,8001
2954,4779
2954,7080
2954,7920
2955,7131
2955,7971
2956,7105
2956,7945
2957,5435
2957,5859
2957,6536
2957,7133
2957,7973
2958,5448
2958,5872
2958,6549
2958,7156
2958,7996
2959,4801
2960,7242
2960,8082
2961,5439
2961,5863
2961,6540
2961,7136
2961,7976
2961,6784
2961,7624
2962,7323
2962,8163
2963,4894
2963,5894
2963,6571
2963,7225
2963,8065
2964,4808
2964,7121
2964,7961
2965,4887
2966,7125
2966,7965
2966,5428
2966,5852
2966,6529
2967,5440
2967,5864
2967,6541
2967,7137
2967,7977
2968,5462
2968,5886
2968,6563
2968,7199
2968,8039
2970,4956
2970,7305
2970,8145
2971,4898
2971,5898
2971,6575
2971,7229
2971,8069
2972,7312
2972,8152
2973,4957
2973,7306
2973,8146
2974,7326
2974,8166
2975,7091
2975,7931
2977,7124
2977,7964
2977,5427
2977,5851
2977,6528
2978,4964
2978,7313
2978,8153
2979,4958
2979,7307
2979,8147
2980,7256
2980,8096
2981,5414
2981,5838
2981,6515
2981,7110
2981,7950
2982,7331
2982,8171
2983,7255
2983,8095
2984,5452
2984,5876
2984,6553
2984,7160
2984,8000
2985,4980
2985,7332
2985,8172
2986,5071
2986,7425
2986,8265
2987,5072
2987,7426
2987,8266
2988,5055
2988,7408
2988,8248
2989,5073
2989,7427
2989,8267
2990,5069
2990,7422
2990,8262
2991,5053
2991,7406
2991,8246
2992,5062
2992,7415
2992,8255
2993,5050
2993,7403
2993,8243
2994,5054
2994,7407
2994,8247
2995,5064
2995,7417
2995,8257
2996,5047
2996,7400
2996,8240
2997,5068
2997,7421
2997,8261
2998,5061
2998,7414
2998,8254
2999,5051
2999,7404
2999,8244
3000,5060
3000,7413
3000,8253
3001,5065
3001,7418
3001,8258
3002,5074
3002,7428
3002,8268
3003,5070
3003,7423
3003,8263
3004,5067
3004,7420
3004,8260
3005,5048
3005,7401
3005,8241
3006,5059
3006,7412
3006,8252
3007,5057
3007,7410
3007,8250
3008,5052
3008,7405
3008,8245
3009,5049
3009,7402
3009,8242
3010,5066
3010,7419
3010,8259
3011,5075
3011,7429
3011,8269
3012,5063
3012,7416
3012,8256
3013,5076
3013,7430
3013,8270
3014,5056
3014,7409
3014,8249
3015,5058
3015,7411
3015,8251
3016,5046
3016,7399
3016,8239
3017,5085
3017,7439
3017,8279
3018,5079
3018,7433
3018,8273
3019,5081
3019,7435
3019,8275
3020,5083
3020,7437
3020,8277
3021,5080
3021,7434
3021,8274
3022,5078
3022,7432
3022,8272
3023,5087
3023,7441
3023,8281
3024,5082
3024,7436
3024,8276
3025,5086
3025,7440
3025,8280
3026,5088
3026,7442
3026,8282
3027,5084
3027,7438
3027,8278
3028,5077
3028,7431
3028,8271
3029,5162
3029,7504
3029,8344
3036,5164
3036,7506
3036,8346
3043,5165
3043,7507
3043,8347
3045,5173
3045,7515
3045,8355
3055,5172
3055,7514
3055,8354
3059,5169
3059,7511
3059,8351
3063,5161
3063,7503
3063,8343
3068,5168
3068,7510
3068,8350
3071,5167
3071,7509
3071,8349
3072,5171
3072,7513
3072,8353
3074,5170
3074,7512
3074,8352
3076,5163
3076,7505
3076,8345
3082,5166
3082,7508
3082,8348
3084,4661
3085,5149
3085,7491
3085,8331
3086,5160
3086,7502
3086,8342
3086,6719
3086,5527
3086,6042
3086,6942
3086,7782
3087,5134
3088,5129
3088,7483
3088,8323
3089,5132
3089,7486
3089,8326
3090,6935
3090,5522
3090,6037
3090,6714
3091,5158
3091,7500
3091,8340
3091,6717
3091,5525
3091,6040
3091,6940
3091,7780
3092,5146
3094,5140
3095,5151
3095,7493
3095,8333
3096,5135
3097,5141
3098,5127
3098,7481
3098,8321
3099,5147
3100,5148
3100,7490
3100,8330
3101,5153
3101,7495
3101,8335
3102,5123
3102,7477
3102,8317
3103,5133
3104,7498
3104,8338
3105,5144
3106,5139
3107,5131
3107,7485
3107,8325
3109,5142
3109,7488
3109,8328
3110,5138
3111,5159
3111,7501
3111,8341
3111,6718
3111,5526
3111,6041
3111,6941
3111,7781
3112,5125
3112,7479
3112,8319
3113,5122
3113,7476
3113,8316
3114,5126
3114,7480
3114,8320
3115,5137
3115,7487
3115,8327
3116,5150
3116,7492
3116,8332
3117,5128
3117,7482
3117,8322
3118,5136
3119,5124
3119,7478
3119,8318
3120,5121
3120,7475
3120,8315
3121,5143
3121,7489
3121,8329
3122,5130
3122,7484
3122,8324
3123,5157
3123,7499
3123,8339
3123,6716
3123,5524
3123,6039
3123,6939
3123,7779
3124,5145
3125,5207
3126,5221
3126,6874
3126,7714
3127,5193
3128,5184
3129,5206
3130,5197
3131,5205
3131,7019
3131,7859
3132,5212
3133,5219
3133,7591
3133,8431
3134,5192
3134,6067
3134,6744
3134,7578
3134,8418
3135,5213
3136,5227
3136,7594
3136,7596
3136,8434
3136,8436
3137,5183
3137,7559
3137,8399
3138,5187
3138,7568
3138,8408
3139,5225
3140,5195
3140,7582
3140,8422
3141,5210
3142,5217
3142,7588
3142,8428
3143,5203
3143,7017
3143,7857
3144,5198
3145,5226
3145,7593
3145,8433
3146,5208
3147,5218
3147,7590
3147,8430
3148,5181
3148,7554
3148,8394
3149,5214
3149,7585
3149,8425
3150,5229
3151,5228
3151,7595
3151,8435
3152,5209
3153,5196
3153,7012
3153,7852
3154,5199
3155,5215
3155,7586
3155,8426
3156,5189
3157,5224
3157,7033
3157,7873
3158,5175
3158,7550
3158,8390
3159,5216
3159,7587
3159,8427
3160,5202
3160,7016
3160,7856
3161,5182
3161,7557
3161,8397
3162,5178
3163,5180
3164,5176
3165,5200
3166,5220
3166,6868
3166,7708
3167,5191
3168,5177
3169,5188
3169,5639
3169,6740
3169,7573
3169,8413
3169,8414
3169,7574
3170,5204
3170,7018
3170,7858
3171,5211
3172,5185
3173,5223
3173,6877
3173,7717
3174,5190
3174,5642
3174,6066
3174,6743
3174,7577
3174,8417
3175,5222
3175,6876
3175,7716
3176,5201
3176,7015
3176,7855
3177,5186
3177,7567
3177,8407
3178,5194
3178,7581
3178,8421
3179,5179
3180,7203
3180,8043
3181,7202
3181,8042
3182,4895
3182,5895
3182,6572
3182,7226
3182,8066
3183,7212
3183,8052
3184,7205
3184,8045
3185,7209
3185,8049
3186,7206
3186,8046
3186,7207
3186,8047
3187,7204
3187,8044
3188,4874
3189,7208
3189,8048
3190,7211
3190,8051
3191,7210
3191,8050
3192,7177
3192,8017
3193,7166
3193,8006
3200,4929
3204,7167
3204,8007
3209,4920
3209,5909
3209,6586
3209,7264
3209,8104
3212,4931
3215,7170
3215,8010
3218,7183
3218,8023
3222,4926
3224,7169
3224,8009
3225,7171
3225,8011
3227,4932
3228,7164
3228,8004
3229,7178
3229,8018
3230,7175
3230,8015
3231,4925
3233,4838
3234,4922
3237,7174
3237,8014
3240,7162
3240,7172
3240,8002
3240,8012
3243,4924
3244,4923
3246,4930
3247,4849
3247,7173
3247,8013
3248,7168
3248,8008
3251,4940
3254,4927
3255,4928
3256,7165
3256,8005
3258,4936
3263,7163
3263,8003
3269,4935
3270,4941
3271,4942
3271,5912
3271,6589
3271,7267
3271,8107
3273,4939
3274,4921
3274,5910
3274,6587
3274,7265
3274,8105
3276,4937
3277,5461
3277,5885
3277,6562
3277,7192
3277,8032
3278,5457
3278,5881
3278,6558
3278,7188
3278,8028
3280,5460
3280,5884
3280,6561
3280,7191
3280,8031
3281,7240
3281,8080
3282,4945
3282,5915
3282,6592
3282,7270
3282,8110
3283,4855
3283,7179
3283,8019
3285,7236
3285,8076
3286,4947
3286,5917
3286,6594
3286,7272
3286,8112
3288,7176
3288,8016
3289,7234
3289,8074
3291,4934
3292,7184
3292,8024
3294,7233
3294,8073
3295,4944
3295,5914
3295,6591
3295,7269
3295,8109
3296,4858
3296,7185
3296,8025
3301,5455
3301,5879
3301,6556
3301,7186
3301,8026
3307,4933
3310,5458
3310,5882
3310,6559
3310,7189
3310,8029
3311,4943
3311,5913
3311,6590
3311,7268
3311,8108
3313,4860
3313,5456
3313,5880
3313,6557
3313,7187
3313,8027
3316,7235
3316,8075
3317,7273
3317,8113
3325,7238
3325,8078
3327,7231
3327,8071
3328,5449
3328,5873
3328,6550
3328,7157
3328,7997
3332,4946
3332,5916
3332,6593
3332,7271
3332,8111
3334,5459
3334,5883
3334,6560
3334,7190
3334,8030
3335,7237
3335,8077
3336,4938
3337,7241
3337,8081
3339,7239
3339,8079
3341,7232
3341,8072
3342,5115
3342,7469
3342,8309
3343,5094
3343,7448
3343,8288
3344,5097
3344,7451
3344,8291
3345,5118
3345,7472
3345,8312
3346,5093
3346,7447
3346,8287
3347,5119
3347,7473
3347,8313
3348,5098
3348,7452
3348,8292
3349,5107
3349,7461
3349,8301
3350,5106
3350,7460
3350,8300
3351,5089
3351,7443
3351,8283
3352,5116
3352,7470
3352,8310
3353,5110
3353,7464
3353,8304
3354,5099
3354,7453
3354,8293
3355,5102
3355,7456
3355,8296
3356,5105
3356,7459
3356,8299
3357,5103
3357,7457
3357,8297
3358,5095
3358,7449
3358,8289
3359,5117
3359,7471
3359,8311
3360,5111
3360,7465
3360,8305
3361,5092
3361,7446
3361,8286
3362,5114
3362,7468
3362,8308
3363,5112
3363,7466
3363,8306
3364,5108
3364,7462
3364,8302
3365,5091
3365,7445
3365,8285
3366,5090
3366,7444
3366,8284
3367,5104
3367,7458
3367,8298
3368,5100
3368,7454
3368,8294
3369,5120
3369,7474
3369,8314
3370,5109
3370,7463
3370,8303
3371,5096
3371,7450
3371,8290
3372,5113
3372,7467
3372,8307
3373,7455
3373,8295
3415,5000
3415,7353
3415,8193
3416,5035
3416,7388
3416,8228
3417,5006
3417,7359
3417,8199
3418,5027
3418,7380
3418,8220
3419,5038
3419,7391
3419,8231
3420,4983
3420,7336
3420,8176
3421,7363
3421,8203
3422,5040
3422,7393
3422,8233
3423,5034
3423,7387
3423,8227
3424,7362
3424,8202
3425,5007
3425,7360
3425,8200
3426,5037
3426,7390
3426,8230
3427,4996
3427,7349
3427,8189
3428,5039
3428,7392
3428,8232
3429,4999
3429,7352
3429,8192
3430,5036
3430,7389
3430,8229
3431,5041
3431,7394
3431,8234
3433,5030
3433,7383
3433,8223
3434,5032
3434,7385
3434,8225
3435,5033
3435,7386
3435,8226
3436,5026
3436,7379
3436,8219
3437,5015
3437,7368
3437,8208
3438,5005
3438,7358
3438,8198
3439,5028
3439,7381
3439,8221
3440,5002
3440,7355
3440,8195
3441,5029
3441,7382
3441,8222
3442,5008
3442,7361
3442,8201
3443,7364
3443,8204
3444,4995
3444,7348
3444,8188
3445,7366
3445,8206
3446,5003
3446,7356
3446,8196
3447,5043
3447,7396
3447,8236
3448,5042
3448,7395
3448,8235
3449,4997
3449,7350
3449,8190
3450,5024
3450,7377
3450,8217
3451,7365
3451,8205
3452,5025
3452,7378
3452,8218
3453,4998
3453,7351
3453,8191
3454,5004
3454,7357
3454,8197
3455,5044
3455,7397
3455,8237
3466,5018
3466,7371
3466,8211
3467,5023
3467,7376
3467,8216
3468,5022
3468,7375
3468,8215
3469,5016
3469,7369
3469,8209
3470,5019
3470,7372
3470,8212
3471,5020
3471,7373
3471,8213
3472,5017
3472,7370
3472,8210
3473,5021
3473,7374
3473,8214
3476,4653
3477,4985
3477,7338
3477,8178
3478,4986
3478,7339
3478,8179
3479,4987
3479,7340
3479,8180
3480,4984
3480,7337
3480,8177
3481,4988
3481,7341
3481,8181
3482,4991
3482,7344
3482,8184
3483,4990
3483,7343
3483,8183
3484,4993
3484,7346
3484,8186
3485,4989
3485,7342
3485,8182
3486,4992
3486,7345
3486,8185
3487,4994
3487,7347
3487,8187
3488,5001
3488,7354
3488,8194
3489,7367
3489,8207
3490,5031
3490,7384
3490,8224
3491,5045
3491,7398
3491,8238
3492,5174
3492,7547
3492,8387
4651,2330
4651,5230
4651,5657
4651,6334
4651,6758
4651,7598
4652,5658
4652,6335
4652,5231
4652,3475
4653,3476
4653,4653
4654,2316
4654,4654
4655,2271
4655,4655
4656,2238
4656,4656
4657,2277
4657,4657
4658,2256
4658,4658
4659,2305
4659,4659
4660,2349
4660,4660
4661,3084
4661,4661
4662,2284
4662,4662
4663,2299
4663,4663
4664,2267
4664,4664
4665,2355
4665,4665
4666,2262
4666,4666
4667,2294
4667,4667
4669,2232
4669,6894
4669,7734
4670,2332
4670,6895
4670,7735
4671,2269
4671,6896
4671,7736
4672,2298
4672,6897
4672,7737
4674,2272
4674,6910
4674,7750
4675,2286
4675,6911
4675,7751
4677,2323
4677,6819
4677,7659
4678,2325
4678,6820
4678,7660
4679,2339
4679,6821
4679,7661
4680,6822
4680,7662
4681,6824
4681,7664
4682,2249
4682,6825
4682,7665
4683,6826
4683,7666
4684,2252
4684,4684
4685,2234
4685,4685
4686,2235
4686,4686
4687,2321
4687,4687
4688,2275
4688,4688
4689,2248
4689,4689
4690,2297
4690,4690
4691,2363
4691,4691
4692,2318
4692,4692
4693,2231
4693,4693
4694,2310
4694,4694
4695,2259
4695,4695
4696,2313
4696,4696
4697,2309
4697,4697
4698,2361
4698,6888
4698,7728
4701,2351
4701,4701
4702,2368
4702,5626
4702,6050
4702,6727
4702,6840
4702,7680
4703,2292
4703,4703
4704,2343
4704,4704
4705,2264
4705,4705
4706,2345
4706,4706
4707,2293
4707,4707
4708,2296
4708,4708
4709,2247
4709,4709
4710,2353
4710,4710
4711,2258
4711,4711
4712,2242
4712,4712
4713,2285
4713,4713
4714,2304
4714,4714
4715,2337
4715,4715
4716,2378
4716,4716
4717,2257
4717,4717
4718,2236
4718,4718
4719,2260
4719,4719
4720,2289
4720,4720
4721,2245
4721,4721
4722,2243
4722,4722
4723,2370
4723,4723
4724,2359
4724,4724
4725,2273
4725,4725
4726,2280
4726,4726
4727,2241
4727,4727
4728,2282
4728,4728
4729,2347
4729,5646
4729,6070
4729,6747
4729,6845
4729,7685
4730,5647
4730,6071
4730,2253
4730,6748
4731,5649
4731,6073
4731,6750
4733,2287
4733,6848
4733,7688
4734,2312
4734,6849
4734,7689
4735,2295
4735,6850
4735,7690
4736,2237
4736,6851
4736,7691
4737,2239
4737,6852
4737,7692
4738,6853
4738,7693
4741,2291
4741,6857
4741,7697
4742,2372
4742,6858
4742,7698
4745,2265
4745,5318
4745,6419
4745,5742
4746,5319
4746,6420
4746,2276
4746,5743
4747,5320
4747,6421
4747,5744
4747,2306
4748,5321
4748,6422
4748,5745
4748,2240
4749,5322
4749,6423
4749,5746
4749,2303
4751,2233
4751,4751
4752,2322
4752,4752
4753,2279
4753,6778
4753,7618
4754,2302
4754,6779
4754,7619
4755,2274
4755,6780
4755,7620
4756,2278
4756,6782
4756,7622
4757,2308
4757,6783
4757,7623
4758,2320
4758,6790
4758,7630
4759,2327
4759,4759
4760,2324
4760,4760
4761,2268
4761,4761
4762,7054
4762,7894
4763,2246
4763,5564
4763,5979
4763,6656
4763,7055
4763,7895
4764,2283
4764,4764
4765,2326
4765,6799
4765,7639
4766,6801
4766,7641
4767,2357
4767,5397
4767,5821
4767,6498
4767,6802
4767,7642
4768,2251
4768,5398
4768,5822
4768,6499
4768,6803
4768,7643
4769,2311
4769,5399
4769,5823
4769,6500
4769,6804
4769,7644
4770,5824
4770,6501
4770,6805
4770,7645
4771,5825
4771,6502
4771,6806
4771,7646
4772,2341
4772,5402
4772,5826
4772,6503
4772,6807
4772,7647
4773,2328
4773,5403
4773,5827
4773,6504
4773,6808
4773,7648
4774,5828
4774,6505
4774,6810
4774,7650
4775,2244
4775,5407
4775,5831
4775,6508
4775,6813
4775,7653
4776,7077
4776,7917
4776,6293
4776,6228
4776,6294
4776,6229
4777,2908
4777,7078
4777,7918
4778,2904
4778,7079
4778,7919
4779,7080
4779,7920
4780,2900
4780,7089
4780,7929
4781,2914
4781,7090
4781,7930
4782,2975
4782,7091
4782,7931
4783,2916
4783,7092
4783,7932
4784,2856
4784,7093
4784,7933
4785,2940
4785,4785
4787,2862
4787,7099
4787,7939
4788,2864
4788,7100
4788,7940
4789,2852
4789,7101
4789,7941
4790,2860
4790,7102
4790,7942
4791,7103
4791,7943
4792,2870
4792,7104
4792,7944
4793,2956
4793,7105
4793,7945
4794,2876
4794,7109
4794,7949
4794,5413
4794,5837
4794,6514
4795,2981
4795,5414
4795,5838
4795,6515
4795,7110
4795,7950
4796,5415
4796,5839
4796,6516
4796,7111
4796,7951
4797,2889
4797,5416
4797,5840
4797,6517
4797,7112
4797,7952
4798,2855
4798,4798
4799,2880
4799,4799
4800,2847
4800,4800
4801,2959
4801,4801
4802,5841
4802,6518
4802,7113
4802,7953
4803,2933
4803,5418
4803,5842
4803,6519
4803,7114
4803,7954
4804,2912
4804,5419
4804,5843
4804,6520
4804,7115
4804,7955
4805,2922
4805,5420
4805,5844
4805,6521
4805,7116
4805,7956
4806,2901
4806,5421
4806,5845
4806,6522
4806,7117
4806,7957
4807,5422
4807,5846
4807,2884
4807,6523
4807,7960
4807,7120
4808,7121
4808,7961
4809,2951
4809,5424
4809,5848
4809,6525
4809,7122
4809,7962
4810,2857
4810,7123
4810,7963
4810,5426
4810,5850
4810,6527
4811,2977
4811,7124
4811,7964
4811,5427
4811,5851
4811,6528
4812,2966
4812,7125
4812,7965
4812,5428
4812,5852
4812,6529
4813,2927
4813,5429
4813,5853
4813,6530
4813,7126
4813,7966
4814,7129
4814,7969
4815,2851
4815,5432
4815,5856
4815,6533
4815,7130
4815,7970
4816,2955
4816,7131
4816,7971
4817,2881
4817,5434
4817,5858
4817,6535
4817,7132
4817,7972
4818,2957
4818,5435
4818,5859
4818,6536
4818,7133
4818,7973
4819,5860
4819,6537
4819,2925
4820,2885
4820,5437
4820,5861
4820,6538
4820,7134
4820,7974
4821,7135
4821,7975
4822,2961
4822,5439
4822,5863
4822,6540
4822,7136
4822,7976
4822,6784
4822,7624
4823,2967
4823,5440
4823,5864
4823,6541
4823,7137
4823,7977
4824,2950
4824,5441
4824,5865
4824,6542
4824,7138
4824,7978
4825,5866
4825,6543
4825,7139
4825,7979
4826,2850
4826,5443
4826,5867
4826,6544
4826,7140
4826,7980
4827,7151
4827,7991
4828,2919
4828,5444
4828,5868
4828,6545
4828,7152
4828,7992
4829,2941
4829,5445
4829,5869
4829,6546
4829,7153
4829,7993
4830,2948
4830,5446
4830,5870
4830,6547
4830,7154
4830,7994
4831,2944
4831,5447
4831,5871
4831,6548
4831,7155
4831,7995
4832,2958
4832,5448
4832,5872
4832,6549
4832,7156
4832,7996
4833,3328
4833,5449
4833,5873
4833,6550
4833,7157
4833,7997
4834,2910
4834,5450
4834,5874
4834,6551
4834,7158
4834,7998
4835,2899
4835,5451
4835,5875
4835,6552
4835,7159
4835,7999
4836,2984
4836,5452
4836,5876
4836,6553
4836,7160
4836,8000
4837,2953
4837,5453
4837,5877
4837,6554
4837,7161
4837,8001
4838,3233
4838,4838
4839,3263
4839,7163
4839,8003
4840,3228
4840,7164
4840,8004
4841,3256
4841,7165
4841,8005
4842,3193
4842,7166
4842,8006
4843,3204
4843,7167
4843,8007
4844,3248
4844,7168
4844,8008
4845,3224
4845,7169
4845,8009
4846,3215
4846,7170
4846,8010
4847,3225
4847,7171
4847,8011
4848,3240
4848,7162
4848,7172
4848,8002
4848,8012
4849,7173
4849,8013
4850,3237
4850,7174
4850,8014
4851,3230
4851,7175
4851,8015
4852,3288
4852,7176
4852,8016
4853,3192
4853,7177
4853,8017
4854,3229
4854,7178
4854,8018
4855,7179
4855,8019
4856,3218
4856,7183
4856,8023
4857,3292
4857,7184
4857,8024
4858,7185
4858,8025
4859,3301
4859,5455
4859,5879
4859,6556
4859,7186
4859,8026
4860,5456
4860,5880
4860,6557
4860,7187
4860,8027
4861,3278
4861,5457
4861,5881
4861,6558
4861,7188
4861,8028
4862,3310
4862,5458
4862,5882
4862,6559
4862,7189
4862,8029
4863,3334
4863,5459
4863,5883
4863,6560
4863,7190
4863,8030
4864,3280
4864,5460
4864,5884
4864,6561
4864,7191
4864,8031
4865,3277
4865,5461
4865,5885
4865,6562
4865,7192
4865,8032
4866,2968
4866,5462
4866,5886
4866,6563
4866,7199
4866,8039
4867,2854
4867,5463
4867,5887
4867,6564
4867,7200
4867,8040
4868,2848
4868,5464
4868,5888
4868,6565
4868,7201
4868,8041
4869,3181
4869,7202
4869,8042
4870,3180
4870,7203
4870,8043
4871,3187
4871,7204
4871,8044
4872,3184
4872,7205
4872,8045
4873,3186
4873,7206
4873,8046
4873,7207
4873,8047
4874,3188
4874,4874
4875,3189
4875,7208
4875,8048
4876,3185
4876,7209
4876,8049
4877,3191
4877,7210
4877,8050
4878,3190
4878,7211
4878,8051
4879,3183
4879,7212
4879,8052
4880,2863
4880,7213
4880,8053
4881,2853
4881,7214
4881,8054
4882,2877
4882,7215
4882,8055
4883,2938
4883,7216
4883,8056
4884,2897
4884,7217
4884,8057
4885,2909
4885,7218
4885,8058
4886,2895
4886,7219
4886,8059
4887,2965
4887,4887
4888,2920
4888,4888
4890,5890
4890,6567
4890,7221
4890,8061
4891,5891
4891,6568
4891,7222
4891,8062
4892,5892
4892,6569
4892,7223
4892,8063
4893,5893
4893,6570
4893,7224
4893,8064
4894,5894
4894,6571
4894,7225
4894,8065
4895,5895
4895,6572
4895,7226
4895,8066
4896,5896
4896,6573
4896,7227
4896,8067
4897,2945
4897,5473
4897,5897
4897,6574
4897,7228
4897,8068
4898,5898
4898,6575
4898,7229
4898,8069
4899,5899
4899,6576
4899,7230
4899,8070
4900,3327
4900,7231
4900,8071
4901,3341
4901,7232
4901,8072
4902,3294
4902,7233
4902,8073
4903,3289
4903,7234
4903,8074
4904,3316
4904,7235
4904,8075
4905,3285
4905,7236
4905,8076
4906,3335
4906,7237
4906,8077
4907,3325
4907,7238
4907,8078
4908,3339
4908,7239
4908,8079
4909,3281
4909,7240
4909,8080
4910,3337
4910,7241
4910,8081
4911,2960
4911,7242
4911,8082
4912,2859
4912,7243
4912,8083
4913,2858
4913,7244
4913,8084
4914,2931
4914,7253
4914,8093
4915,2906
4915,7254
4915,8094
4916,2983
4916,7255
4916,8095
4917,2980
4917,7256
4917,8096
4918,2878
4918,7257
4918,8097
4919,2943
4919,5484
4919,5908
4919,6585
4919,7263
4919,8103
4920,5909
4920,6586
4920,7264
4920,8104
4921,5910
4921,6587
4921,7265
4921,8105
4922,3234
4922,4922
4923,3244
4923,4923
4924,3243
4924,4924
4925,3231
4925,4925
4926,3222
4926,4926
4927,3254
4927,4927
4928,3255
4928,4928
4929,3200
4929,4929
4930,3246
4930,4930
4931,3212
4931,4931
4932,3227
4932,4932
4933,3307
4933,4933
4934,3291
4934,4934
4935,3269
4935,4935
4936,3258
4936,4936
4937,3276
4937,4937
4938,3336
4938,4938
4939,3273
4939,4939
4940,3251
4940,4940
4942,5912
4942,6589
4942,7267
4942,8107
4943,5913
4943,6590
4943,7268
4943,8108
4944,5914
4944,6591
4944,7269
4944,8109
4945,5915
4945,6592
4945,7270
4945,8110
4946,5916
4946,6593
4946,7271
4946,8111
4947,5917
4947,6594
4947,7272
4947,8112
4948,3317
4948,7273
4948,8113
4949,2842
4949,7258
4949,8098
4950,7259
4950,8099
4951,2935
4951,7260
4951,8100
4952,2936
4952,7261
4952,8101
4953,7262
4953,8102
4954,5498
4954,5922
4954,7295
4954,8135
4955,7296
4955,8136
4956,7305
4956,8145
4957,7306
4957,8146
4958,7307
4958,8147
4959,2918
4959,7308
4959,8148
4960,7309
4960,8149
4961,2883
4961,7310
4961,8150
4962,2861
4962,7311
4962,8151
4963,2972
4963,7312
4963,8152
4964,7313
4964,8153
4965,7314
4965,8154
4966,7315
4966,8155
4967,2871
4967,7319
4967,8159
4968,2911
4968,7320
4968,8160
4969,5514
4969,5938
4969,7321
4969,8161
4970,2917
4970,7322
4970,8162
4971,2962
4971,7323
4971,8163
4972,2902
4972,7324
4972,8164
4973,2923
4973,7325
4973,8165
4974,2974
4974,7326
4974,8166
4975,2942
4975,7327
4975,8167
4976,2921
4976,7328
4976,8168
4977,7329
4977,8169
4978,7330
4978,8170
4979,2982
4979,7331
4979,8171
4980,7332
4980,8172
4981,7333
4981,8173
4982,7334
4982,8174
4982,7335
4982,8175
4983,7336
4983,8176
4984,7337
4984,8177
4985,7338
4985,8178
4986,7339
4986,8179
4987,7340
4987,8180
4988,7341
4988,8181
4989,7342
4989,8182
4990,7343
4990,8183
4991,7344
4991,8184
4992,7345
4992,8185
4993,7346
4993,8186
4994,7347
4994,8187
4995,7348
4995,8188
4996,7349
4996,8189
4997,7350
4997,8190
4998,7351
4998,8191
4999,7352
4999,8192
5000,7353
5000,8193
5001,7354
5001,8194
5002,7355
5002,8195
5003,7356
5003,8196
5004,7357
5004,8197
5005,7358
5005,8198
5006,7359
5006,8199
5007,7360
5007,8200
5008,7361
5008,8201
5009,3424
5009,7362
5009,8202
5010,3421
5010,7363
5010,8203
5011,3443
5011,7364
5011,8204
5012,3451
5012,7365
5012,8205
5013,3445
5013,7366
5013,8206
5014,3489
5014,7367
5014,8207
5015,7368
5015,8208
5016,7369
5016,8209
5017,7370
5017,8210
5018,7371
5018,8211
5019,7372
5019,8212
5020,7373
5020,8213
5021,7374
5021,8214
5022,7375
5022,8215
5023,7376
5023,8216
5024,7377
5024,8217
5025,7378
5025,8218
5026,7379
5026,8219
5027,7380
5027,8220
5028,7381
5028,8221
5029,7382
5029,8222
5030,7383
5030,8223
5031,7384
5031,8224
5032,7385
5032,8225
5033,7386
5033,8226
5034,7387
5034,8227
5035,7388
5035,8228
5036,7389
5036,8229
5037,7390
5037,8230
5038,7391
5038,8231
5039,7392
5039,8232
5040,7393
5040,8233
5041,7394
5041,8234
5042,7395
5042,8235
5043,7396
5043,8236
5044,7397
5044,8237
5045,7398
5045,8238
5046,7399
5046,8239
5047,7400
5047,8240
5048,7401
5048,8241
5049,7402
5049,8242
5050,7403
5050,8243
5051,7404
5051,8244
5052,7405
5052,8245
5053,7406
5053,8246
5054,7407
5054,8247
5055,7408
5055,8248
5056,7409
5056,8249
5057,7410
5057,8250
5058,7411
5058,8251
5059,7412
5059,8252
5060,7413
5060,8253
5061,7414
5061,8254
5062,7415
5062,8255
5063,7416
5063,8256
5064,7417
5064,8257
5065,7418
5065,8258
5066,7419
5066,8259
5067,7420
5067,8260
5068,7421
5068,8261
5069,7422
5069,8262
5070,7423
5070,8263
5071,7425
5071,8265
5072,7426
5072,8266
5073,7427
5073,8267
5074,7428
5074,8268
5075,7429
5075,8269
5076,7430
5076,8270
5077,7431
5077,8271
5078,7432
5078,8272
5079,7433
5079,8273
5080,7434
5080,8274
5081,7435
5081,8275
5082,7436
5082,8276
5083,7437
5083,8277
5084,7438
5084,8278
5085,7439
5085,8279
5086,7440
5086,8280
5087,7441
5087,8281
5088,7442
5088,8282
5089,7443
5089,8283
5090,7444
5090,8284
5091,7445
5091,8285
5092,7446
5092,8286
5093,7447
5093,8287
5094,7448
5094,8288
5095,7449
5095,8289
5096,7450
5096,8290
5097,7451
5097,8291
5098,7452
5098,8292
5099,7453
5099,8293
5100,7454
5100,8294
5101,3373
5101,7455
5101,8295
5102,7456
5102,8296
5103,7457
5103,8297
5104,7458
5104,8298
5105,7459
5105,8299
5106,7460
5106,8300
5107,7461
5107,8301
5108,7462
5108,8302
5109,7463
5109,8303
5110,7464
5110,8304
5111,7465
5111,8305
5112,7466
5112,8306
5113,7467
5113,8307
5114,7468
5114,8308
5115,7469
5115,8309
5116,7470
5116,8310
5117,7471
5117,8311
5118,7472
5118,8312
5119,7473
5119,8313
5120,7474
5120,8314
5121,7475
5121,8315
5122,7476
5122,8316
5123,7477
5123,8317
5124,7478
5124,8318
5125,7479
5125,8319
5126,7480
5126,8320
5127,7481
5127,8321
5128,7482
5128,8322
5129,7483
5129,8323
5130,7484
5130,8324
5131,7485
5131,8325
5132,7486
5132,8326
5133,3103
5133,5133
5134,3087
5134,5134
5135,3096
5135,5135
5136,3118
5136,5136
5137,7487
5137,8327
5138,3110
5138,5138
5139,3106
5139,5139
5140,3094
5140,5140
5141,3097
5141,5141
5142,7488
5142,8328
5143,7489
5143,8329
5144,3105
5144,5144
5145,3124
5145,5145
5146,3092
5146,5146
5147,3099
5147,5147
5148,7490
5148,8330
5149,7491
5149,8331
5150,7492
5150,8332
5151,7493
5151,8333
5152,7494
5152,3093
5153,7495
5153,8335
5154,7496
5154,3108
5155,8337
5155,7497
5155,7775
5155,3090
5155,6935
5155,5522
5155,6037
5155,6714
5156,3104
5156,7498
5156,8338
5157,7499
5157,8339
5157,6716
5157,5524
5157,6039
5157,6939
5157,7779
5158,7500
5158,8340
5158,6717
5158,5525
5158,6040
5158,6940
5158,7780
5159,7501
5159,8341
5159,6718
5159,5526
5159,6041
5159,6941
5159,7781
5160,7502
5160,8342
5160,6719
5160,5527
5160,6042
5160,6942
5160,7782
5161,7503
5161,8343
5162,7504
5162,8344
5163,7505
5163,8345
5164,7506
5164,8346
5165,7507
5165,8347
5166,7508
5166,8348
5167,7509
5167,8349
5168,7510
5168,8350
5169,7511
5169,8351
5170,7512
5170,8352
5171,7513
5171,8353
5172,7514
5172,8354
5173,7515
5173,8355
5174,7547
5174,8387
5175,7550
5175,8390
5176,3164
5176,5176
5178,3162
5178,5178
5180,3163
5180,5180
5181,7554
5181,8394
5182,7557
5182,8397
5183,7559
5183,8399
5184,3128
5184,5184
5185,3172
5185,5185
5186,7567
5186,8407
5187,7568
5187,8408
5188,5639
5188,6740
5188,7573
5188,8413
5188,8414
5188,7574
5189,3156
5189,5189
5190,5642
5190,6066
5190,6743
5190,7577
5190,8417
5191,3167
5191,5191
5192,6067
5192,6744
5192,7578
5192,8418
5193,3127
5193,5193
5194,7581
5194,8421
5195,7582
5195,8422
5196,7012
5196,7852
5197,3130
5197,5197
5199,3154
5199,5199
5201,7015
5201,7855
5202,7016
5202,7856
5203,7017
5203,7857
5204,7018
5204,7858
5205,7019
5205,7859
5206,3129
5206,5206
5207,3125
5207,5207
5208,3146
5208,5208
5209,3152
5209,5209
5210,3141
5210,5210
5211,3171
5211,5211
5213,3135
5213,5213
5214,7585
5214,8425
5215,7586
5215,8426
5216,7587
5216,8427
5217,7588
5217,8428
5218,7590
5218,8430
5219,7591
5219,8431
5220,6868
5220,7708
5221,6874
5221,7714
5222,6876
5222,7716
5223,6877
5223,7717
5224,7033
5224,7873
5225,3139
5225,5225
5226,7593
5226,8433
5227,7594
5227,7596
5227,8434
5227,8436
5228,7595
5228,8435
5229,3150
5229,5229
5230,5657
5230,6334
5230,6758
5230,7598
5231,3475
5232,6336
5232,5659
5233,6337
5233,5660
5234,6338
5235,5662
5235,6339
5236,6340
5236,5663
5237,6341
5237,5664
5238,6342
5238,5665
5239,6343
5240,6344
5240,5667
5241,6345
5241,5668
5242,6346
5242,5669
5243,6347
5243,5670
5244,6348
5244,5671
5245,6349
5245,5672
5246,6350
5246,5673
5247,6351
5247,5674
5248,6352
5248,5675
5249,6353
5249,5676
5250,6354
5250,5677
5251,6355
5251,5678
5252,6356
5252,5679
5253,6357
5253,5680
5254,6358
5254,5681
5255,6359
5255,5682
5256,6360
5256,5683
5257,6361
5257,5684
5259,6362
5259,5685
5260,6363
5260,5686
5261,6364
5261,5687
5262,6365
5262,5688
5263,6366
5263,5689
5264,6367
5264,5690
5265,6368
5265,5691
5266,6369
5266,5692
5267,6370
5267,5693
5268,6371
5268,5694
5269,6372
5269,5695
5270,6373
5270,5696
5271,6374
5271,5697
5272,6375
5272,5698
5273,6376
5273,5699
5274,6377
5274,5700
5275,6378
5275,5701
5278,6379
5278,5702
5279,6380
5279,5703
5280,6381
5280,5704
5281,6382
5281,5705
5282,6383
5282,5706
5283,6384
5283,5707
5284,6385
5284,5708
5285,6386
5285,5709
5286,6387
5286,5710
5287,6388
5287,5711
5288,6389
5288,5712
5289,6390
5289,5713
5290,6391
5290,5714
5291,6392
5291,5715
5292,6393
5292,5716
5293,6394
5293,5717
5294,6395
5294,5718
5295,6396
5295,5719
5296,6397
5296,5720
5297,6398
5297,5721
5298,6399
5298,5722
5299,6400
5299,5723
5300,6401
5300,5724
5301,6402
5301,5725
5302,6403
5302,5726
5303,6404
5303,5727
5304,6405
5304,5728
5305,6406
5305,5729
5306,6407
5306,5730
5307,6408
5307,5731
5308,6409
5308,5732
5309,6410
5309,5733
5310,6411
5310,5734
5311,6412
5311,5735
5312,6413
5312,5736
5313,6414
5313,5737
5314,6415
5314,5738
5315,6416
5315,5739
5316,6417
5316,5740
5317,6418
5317,5741
5318,6419
5318,5742
5319,6420
5319,2276
5319,5743
5320,6421
5320,5744
5320,2306
5321,6422
5321,5745
5321,2240
5322,6423
5322,5746
5322,2303
5323,6424
5323,5747
5323,2365
5323,4750
5324,6425
5324,5748
5325,6426
5325,5749
5326,6427
5326,5750
5327,6428
5327,5751
5328,6429
5328,5752
5329,6430
5329,5753
5330,6431
5330,5754
5331,6432
5331,5755
5332,6433
5332,5756
5333,6434
5333,5757
5334,6435
5334,5758
5335,6436
5335,5759
5336,6437
5336,5760
5337,6438
5337,5761
5338,6439
5338,5762
5339,6440
5339,5763
5340,6441
5340,5764
5341,6442
5341,5765
5342,6443
5342,5766
5343,6444
5343,5767
5344,6445
5344,5768
5345,6446
5345,5769
5346,6447
5346,5770
5347,6448
5347,5771
5348,5772
5348,6449
5349,6450
5349,5773
5350,6451
5350,5774
5351,6452
5351,5775
5352,6453
5352,5776
5353,6454
5353,5777
5354,6455
5354,5778
5355,6456
5355,5779
5356,6457
5356,5780
5357,6458
5357,5781
5358,6459
5358,5782
5359,6460
5359,5783
5360,6461
5360,5784
5361,5785
5361,6462
5362,6463
5362,5786
5363,6464
5363,5787
5364,6465
5364,5788
5365,6466
5365,5789
5366,6467
5366,5790
5367,6468
5367,5791
5368,6469
5368,5792
5369,6470
5369,5793
5370,6471
5370,5794
5371,6472
5371,5795
5372,6473
5372,5796
5373,6474
5373,5797
5374,6475
5374,5798
5375,6476
5375,5799
5376,6477
5376,5800
5377,6478
5377,5801
5378,6479
5378,5802
5379,6480
5379,5803
5380,6481
5380,5804
5381,6482
5381,5805
5382,6483
5382,5806
5383,6484
5383,5807
5384,6485
5384,5808
5385,6486
5385,5809
5386,6487
5386,5810
5387,6488
5387,5811
5388,6489
5388,5812
5389,6490
5389,5813
5390,6491
5390,5814
5391,6492
5391,5815
5392,6493
5392,5816
5393,6494
5393,5817
5394,6495
5394,5818
5395,6496
5395,5819
5396,5820
5396,6497
5396,2307
5396,4766
5396,6801
5396,7641
5397,5821
5397,6498
5397,6802
5397,7642
5398,5822
5398,6499
5398,6803
5398,7643
5399,5823
5399,6500
5399,6804
5399,7644
5400,2288
5400,4770
5400,5824
5400,6501
5400,6805
5400,7645
5401,2270
5401,4771
5401,5825
5401,6502
5401,6806
5401,7646
5402,5826
5402,6503
5402,6807
5402,7647
5403,5827
5403,6504
5403,6808
5403,7648
5404,2315
5404,4774
5404,5828
5404,6505
5404,6810
5404,7650
5405,5829
5405,6506
5405,6811
5405,7651
5406,5830
5406,6507
5406,6812
5406,7652
5407,5831
5407,6508
5407,6813
5407,7653
5408,5832
5408,6509
5408,7143
5408,7983
5409,5833
5409,6510
5409,7144
5409,7984
5410,5834
5410,6511
5410,7145
5410,7985
5411,5835
5411,6512
5411,7146
5411,7986
5412,5836
5412,6513
5412,7147
5412,7987
5413,6514
5413,5837
5413,2876
5413,4794
5413,7109
5413,7949
5413,7109
5413,7949
5413,4794
5413,2876
5414,5838
5414,6515
5414,7110
5414,7950
5415,5839
5415,6516
5415,7111
5415,7951
5416,5840
5416,6517
5416,7112
5416,7952
5417,2915
5417,4802
5417,5841
5417,6518
5417,7113
5417,7953
5418,5842
5418,6519
5418,7114
5418,7954
5419,5843
5419,6520
5419,7115
5419,7955
5420,5844
5420,6521
5420,7116
5420,7956
5421,5845
5421,6522
5421,7117
5421,7957
5422,5846
5422,2884
5422,6523
5422,7960
5422,7120
5423,5847
5423,6524
5423,2964
5423,4808
5423,7121
5423,7961
5424,5848
5424,6525
5424,7122
5424,7962
5425,6526
5425,5849
5426,5850
5426,6527
5427,5851
5427,6528
5428,5852
5428,6529
5429,5853
5429,6530
5429,7126
5429,7966
5430,5854
5430,6531
5430,7128
5430,7968
5431,5855
5431,6532
5431,2929
5431,4814
5431,7129
5431,7969
5432,5856
5432,6533
5432,7130
5432,7970
5433,5857
5433,6534
5434,5858
5434,6535
5434,7132
5434,7972
5435,5859
5435,6536
5435,7133
5435,7973
5436,4819
5436,5860
5436,6537
5436,2925
5437,5861
5437,6538
5437,7134
5437,7974
5438,5862
5438,6539
5438,2841
5438,4821
5438,7135
5438,7975
5439,5863
5439,6540
5439,7136
5439,7976
5439,6784
5439,7624
5440,5864
5440,6541
5440,7137
5440,7977
5441,5865
5441,6542
5441,7138
5441,7978
5442,2843
5442,4825
5442,5866
5442,6543
5442,7139
5442,7979
5443,5867
5443,6544
5443,7140
5443,7980
5444,5868
5444,6545
5444,7152
5444,7992
5445,5869
5445,6546
5445,7153
5445,7993
5446,5870
5446,6547
5446,7154
5446,7994
5447,5871
5447,6548
5447,7155
5447,7995
5448,5872
5448,6549
5448,7156
5448,7996
5449,5873
5449,6550
5449,7157
5449,7997
5450,5874
5450,6551
5450,7158
5450,7998
5451,5875
5451,6552
5451,7159
5451,7999
5452,5876
5452,6553
5452,7160
5452,8000
5453,5877
5453,6554
5453,7161
5453,8001
5454,5878
5454,6555
5454,3296
5454,4858
5454,7185
5454,8025
5455,5879
5455,6556
5455,7186
5455,8026
5456,5880
5456,6557
5456,7187
5456,8027
5457,5881
5457,6558
5457,7188
5457,8028
5458,5882
5458,6559
5458,7189
5458,8029
5459,5883
5459,6560
5459,7190
5459,8030
5460,5884
5460,6561
5460,7191
5460,8031
5461,5885
5461,6562
5461,7192
5461,8032
5462,5886
5462,6563
5462,7199
5462,8039
5463,5887
5463,6564
5463,7200
5463,8040
5464,5888
5464,6565
5464,7201
5464,8041
5465,5889
5465,6566
5465,7220
5465,8060
5465,2924
5465,4889
5466,2886
5466,4890
5466,5890
5466,6567
5466,7221
5466,8061
5467,2879
5467,4891
5467,5891
5467,6568
5467,7222
5467,8062
5468,2903
5468,4892
5468,5892
5468,6569
5468,7223
5468,8063
5469,2947
5469,4893
5469,5893
5469,6570
5469,7224
5469,8064
5470,2963
5470,4894
5470,5894
5470,6571
5470,7225
5470,8065
5471,3182
5471,4895
5471,5895
5471,6572
5471,7226
5471,8066
5472,2905
5472,4896
5472,5896
5472,6573
5472,7227
5472,8067
5473,5897
5473,6574
5473,7228
5473,8068
5474,2971
5474,4898
5474,5898
5474,6575
5474,7229
5474,8069
5475,2907
5475,4899
5475,5899
5475,6576
5475,7230
5475,8070
5476,5900
5476,6577
5477,5901
5477,6578
5477,7246
5477,8086
5478,5902
5478,6579
5478,7247
5478,8087
5479,5903
5479,6580
5479,7248
5479,8088
5480,5904
5480,6581
5480,7249
5480,8089
5481,5905
5481,6582
5481,7250
5481,8090
5482,5906
5482,6583
5482,7251
5482,8091
5483,5907
5483,6584
5483,7252
5483,8092
5484,5908
5484,6585
5484,7263
5484,8103
5485,3209
5485,4920
5485,5909
5485,6586
5485,7264
5485,8104
5486,3274
5486,4921
5486,5910
5486,6587
5486,7265
5486,8105
5487,5911
5487,6588
5487,3270
5487,4941
5488,3271
5488,4942
5488,5912
5488,6589
5488,7267
5488,8107
5489,3311
5489,4943
5489,5913
5489,6590
5489,7268
5489,8108
5490,3295
5490,4944
5490,5914
5490,6591
5490,7269
5490,8109
5491,3282
5491,4945
5491,5915
5491,6592
5491,7270
5491,8110
5492,3332
5492,4946
5492,5916
5492,6593
5492,7271
5492,8111
5493,3286
5493,4947
5493,5917
5493,6594
5493,7272
5493,8112
5494,5918
5494,6595
5495,5919
5495,6596
5495,7274
5495,8114
5496,5920
5496,6597
5496,7275
5496,8115
5497,5921
5497,6598
5497,7276
5497,8116
5498,5922
5498,7295
5498,8135
5499,5923
5499,6600
5500,5924
5500,7297
5500,8137
5501,5925
5501,6602
5501,7298
5501,8138
5502,5926
5502,6603
5502,7299
5502,8139
5503,5927
5503,7300
5503,8140
5504,5928
5504,7301
5504,8141
5505,5929
5505,7302
5505,8142
5506,5930
5506,7303
5506,8143
5507,5931
5507,7304
5507,8144
5508,5932
5508,2978
5508,4964
5508,7313
5508,8153
5509,5933
5509,7318
5509,8158
5510,5934
5510,2898
5510,4977
5510,7329
5510,8169
5511,5935
5511,2930
5511,4978
5511,7330
5511,8170
5512,5936
5512,6613
5513,5937
5513,2939
5513,4981
5513,7333
5513,8173
5514,5938
5514,7321
5514,8161
5515,5939
5515,6616
5516,5940
5516,7193
5516,8033
5517,5941
5517,7194
5517,8034
5518,5942
5518,7195
5518,8035
5519,6034
5519,6933
5519,7773
5520,6035
5520,6934
5520,7774
5520,8336
5520,5154
5520,7496
5520,3108
5521,6036
5521,6936
5521,7776
5521,8334
5521,5152
5521,7494
5521,3093
5522,6037
5522,6714
5523,6038
5523,6938
5523,7778
5524,6039
5524,6939
5524,7779
5525,6040
5525,6940
5525,7780
5526,6041
5526,6941
5526,7781
5527,6042
5527,6942
5527,7782
5528,5943
5528,7522
5528,8362
5529,5944
5529,7523
5529,8363
5530,5945
5530,7524
5530,8364
5531,5946
5531,6623
5532,5947
5532,6624
5533,5948
5533,6625
5534,5949
5534,6626
5535,5950
5535,6627
5536,5951
5536,6628
5537,5952
5537,6629
5538,5953
5538,6630
5539,5954
5539,6631
5540,5955
5540,6632
5541,5956
5541,7525
5541,8365
5542,5957
5542,7526
5542,8366
5543,5958
5543,7527
5543,8367
5544,5959
5544,7528
5544,8368
5545,5960
5545,6637
5546,5961
5546,7529
5546,8369
5547,5962
5547,6639
5548,5963
5548,7530
5548,8370
5549,5964
5549,7531
5549,8371
5550,5965
5550,7532
5550,8372
5551,5966
5551,7533
5551,8373
5552,5967
5552,7534
5552,8374
5553,5968
5553,7537
5553,8377
5554,5969
5554,7538
5554,8378
5555,5970
5555,7539
5555,8379
5556,5971
5556,7540
5556,8380
5557,5972
5557,7541
5557,8381
5558,5973
5558,7542
5558,8382
5559,5974
5559,7543
5559,8383
5560,5975
5560,7544
5560,8384
5561,5976
5561,7545
5561,8385
5562,5977
5562,6654
5562,7546
5562,8386
5563,5978
5563,2263
5563,4762
5563,7054
5563,7894
5564,5979
5564,6656
5564,7055
5564,7895
5565,5980
5565,6657
5566,5981
5566,7057
5566,7897
5567,5982
5567,7058
5567,7898
5568,5983
5568,7059
5568,7899
5569,5984
5569,7060
5569,7900
5570,5985
5570,7061
5570,7901
5571,5986
5571,7062
5571,7902
5572,5987
5572,7063
5572,7903
5573,5988
5573,7065
5573,7905
5574,5989
5574,7066
5574,7906
5575,5990
5575,7067
5575,7907
5576,5991
5576,7068
5576,7908
5577,5992
5577,7070
5577,7910
5578,5993
5578,7072
5578,7912
5579,5994
5579,7074
5579,7914
5580,5995
5580,7075
5580,7915
5581,5996
5581,7048
5581,7888
5582,5997
5582,6674
5583,5998
5583,7050
5583,7890
5584,5999
5584,6676
5585,6000
5585,6677
5586,6001
5586,6678
5587,6002
5587,6679
5588,6003
5588,6680
5589,6004
5589,6681
5590,6005
5590,7053
5590,7893
5591,6006
5591,7278
5591,8118
5592,6007
5592,7279
5592,8119
5593,6008
5593,6685
5594,6009
5594,6686
5595,6010
5595,6687
5596,6011
5596,6688
5597,6012
5597,7280
5597,8120
5598,6013
5598,7281
5598,8121
5599,6014
5599,7282
5599,8122
5600,6015
5600,7283
5600,8123
5601,6016
5601,7284
5601,8124
5602,6017
5602,7285
5602,8125
5603,6018
5603,7286
5603,8126
5604,6019
5604,7287
5604,8127
5605,6020
5605,7288
5605,8128
5606,6021
5606,7289
5606,8129
5607,6022
5607,7290
5607,8130
5608,6023
5608,7291
5608,8131
5609,6024
5609,6701
5609,7292
5609,8132
5610,6025
5610,6702
5610,7293
5610,8133
5611,6026
5611,7294
5611,8134
5612,6027
5612,6957
5612,7797
5613,6028
5613,6960
5613,7800
5614,6706
5615,6030
5615,6961
5615,7801
5616,6031
5616,6708
5617,6032
5617,6962
5617,7802
5618,6033
5618,6710
5619,6043
5619,6720
5619,6831
5619,7671
5620,6044
5620,6832
5620,7672
5621,6045
5621,6833
5621,7673
5622,6046
5622,6834
5622,7674
5623,6047
5623,6724
5623,6835
5623,7675
5624,6048
5624,6725
5624,6836
5624,7676
5625,6049
5625,6726
5625,6839
5625,7679
5626,6050
5626,6727
5626,6840
5626,7680
5627,6051
5627,6728
5627,6841
5627,7681
5628,6052
5628,6729
5628,6842
5628,7682
5629,6053
5629,6730
5629,6843
5629,7683
5630,6054
5630,6731
5630,6844
5630,7684
5631,6055
5631,6732
5631,7564
5631,8404
5632,6056
5632,6733
5632,7565
5632,8405
5633,6057
5633,6734
5633,7566
5633,8406
5634,6058
5634,6735
5634,7569
5634,8409
5635,6059
5635,6736
5636,6060
5636,6737
5636,7570
5636,8410
5637,6061
5637,6738
5637,7571
5637,8411
5638,6062
5638,6739
5638,7572
5638,8412
5639,6740
5639,7573
5639,8413
5639,8414
5639,7574
5640,6064
5640,6741
5640,7575
5640,8415
5641,6065
5641,6742
5641,7576
5641,8416
5642,6066
5642,6743
5642,7577
5642,8417
5643,3134
5643,5192
5643,6067
5643,6744
5643,7578
5643,8418
5644,6745
5644,7579
5644,8419
5645,6069
5645,6746
5646,6070
5646,6747
5646,6845
5646,7685
5647,6071
5647,2253
5647,6748
5648,6072
5648,6749
5649,6073
5649,6750
5650,6074
5650,6751
5651,6075
5651,6752
5651,6856
5651,7696
5651,2335
5651,4740
5652,6076
5652,6753
5653,6077
5653,6754
5654,6078
5654,6755
5655,6079
5655,6756
5656,6080
5656,6757
5657,6334
5657,6758
5657,7598
5658,6335
5658,5231
5658,3475
5661,5234
5661,6338
5662,6339
5666,5239
5666,6343
5744,2306
5745,2240
5746,2303
5747,2365
5747,4750
5772,6449
5785,6462
5820,6497
5820,2307
5820,4766
5820,6801
5820,7641
5821,6498
5821,6802
5821,7642
5822,6499
5822,6803
5822,7643
5823,6500
5823,6804
5823,7644
5824,6501
5824,6805
5824,7645
5825,6502
5825,6806
5825,7646
5826,6503
5826,6807
5826,7647
5827,6504
5827,6808
5827,7648
5828,6505
5828,6810
5828,7650
5829,6506
5829,6811
5829,7651
5830,6507
5830,6812
5830,7652
5831,6508
5831,6813
5831,7653
5832,6509
5832,7143
5832,7983
5833,6510
5833,7144
5833,7984
5834,6511
5834,7145
5834,7985
5835,6512
5835,7146
5835,7986
5836,6513
5836,7147
5836,7987
5837,5413
5837,2876
5837,4794
5837,5413
5837,6514
5837,7109
5837,7949
5837,6514
5837,7109
5837,7949
5837,4794
5837,2876
5838,6515
5838,7110
5838,7950
5839,6516
5839,7111
5839,7951
5840,6517
5840,7112
5840,7952
5841,6518
5841,7113
5841,7953
5842,6519
5842,7114
5842,7954
5843,6520
5843,7115
5843,7955
5844,6521
5844,7116
5844,7956
5845,6522
5845,7117
5845,7957
5846,2884
5846,6523
5846,7960
5846,7120
5847,6524
5847,2964
5847,4808
5847,7121
5847,7961
5848,6525
5848,7122
5848,7962
5850,6527
5851,6528
5852,6529
5853,6530
5853,7126
5853,7966
5854,6531
5854,7128
5854,7968
5855,6532
5855,2929
5855,4814
5855,7129
5855,7969
5856,6533
5856,7130
5856,7970
5857,6534
5858,6535
5858,7132
5858,7972
5859,6536
5859,7133
5859,7973
5860,6537
5860,2925
5861,6538
5861,7134
5861,7974
5862,6539
5862,2841
5862,4821
5862,7135
5862,7975
5863,6540
5863,7136
5863,7976
5863,6784
5863,7624
5864,6541
5864,7137
5864,7977
5865,6542
5865,7138
5865,7978
5866,6543
5866,7139
5866,7979
5867,6544
5867,7140
5867,7980
5868,6545
5868,7152
5868,7992
5869,6546
5869,7153
5869,7993
5870,6547
5870,7154
5870,7994
5871,6548
5871,7155
5871,7995
5872,6549
5872,7156
5872,7996
5873,6550
5873,7157
5873,7997
5874,6551
5874,7158
5874,7998
5875,6552
5875,7159
5875,7999
5876,6553
5876,7160
5876,8000
5877,6554
5877,7161
5877,8001
5878,6555
5878,3296
5878,4858
5878,7185
5878,8025
5879,6556
5879,7186
5879,8026
5880,6557
5880,7187
5880,8027
5881,6558
5881,7188
5881,8028
5882,6559
5882,7189
5882,8029
5883,6560
5883,7190
5883,8030
5884,6561
5884,7191
5884,8031
5885,6562
5885,7192
5885,8032
5886,6563
5886,7199
5886,8039
5887,6564
5887,7200
5887,8040
5888,6565
5888,7201
5888,8041
5889,6566
5889,7220
5889,8060
5889,2924
5889,4889
5890,6567
5890,7221
5890,8061
5891,6568
5891,7222
5891,8062
5892,6569
5892,7223
5892,8063
5893,6570
5893,7224
5893,8064
5894,6571
5894,7225
5894,8065
5895,6572
5895,7226
5895,8066
5896,6573
5896,7227
5896,8067
5897,6574
5897,7228
5897,8068
5898,6575
5898,7229
5898,8069
5899,6576
5899,7230
5899,8070
5900,6577
5901,6578
5901,7246
5901,8086
5902,6579
5902,7247
5902,8087
5903,6580
5903,7248
5903,8088
5904,6581
5904,7249
5904,8089
5905,6582
5905,7250
5905,8090
5906,6583
5906,7251
5906,8091
5907,6584
5907,7252
5907,8092
5908,6585
5908,7263
5908,8103
5909,6586
5909,7264
5909,8104
5910,6587
5910,7265
5910,8105
5911,6588
5911,3270
5911,4941
5912,6589
5912,7267
5912,8107
5913,6590
5913,7268
5913,8108
5914,6591
5914,7269
5914,8109
5915,6592
5915,7270
5915,8110
5916,6593
5916,7271
5916,8111
5917,6594
5917,7272
5917,8112
5918,6595
5919,6596
5919,7274
5919,8114
5920,6597
5920,7275
5920,8115
5921,6598
5921,7276
5921,8116
5922,7295
5922,8135
5923,6600
5924,7297
5924,8137
5925,6602
5925,7298
5925,8138
5926,6603
5926,7299
5926,8139
5927,7300
5927,8140
5928,7301
5928,8141
5929,7302
5929,8142
5930,7303
5930,8143
5931,7304
5931,8144
5932,2978
5932,4964
5932,7313
5932,8153
5933,7318
5933,8158
5934,2898
5934,4977
5934,7329
5934,8169
5935,2930
5935,4978
5935,7330
5935,8170
5936,6613
5937,2939
5937,4981
5937,7333
5937,8173
5938,7321
5938,8161
5939,6616
5940,7193
5940,8033
5941,7194
5941,8034
5942,7195
5942,8035
5943,7522
5943,8362
5944,7523
5944,8363
5945,7524
5945,8364
5946,6623
5947,6624
5948,6625
5949,6626
5950,6627
5951,6628
5952,6629
5953,6630
5954,6631
5955,6632
5956,7525
5956,8365
5957,7526
5957,8366
5958,7527
5958,8367
5959,7528
5959,8368
5960,6637
5961,7529
5961,8369
5962,6639
5963,7530
5963,8370
5964,7531
5964,8371
5965,7532
5965,8372
5966,7533
5966,8373
5967,7534
5967,8374
5968,7537
5968,8377
5969,7538
5969,8378
5970,7539
5970,8379
5971,7540
5971,8380
5972,7541
5972,8381
5973,7542
5973,8382
5974,7543
5974,8383
5975,7544
5975,8384
5976,7545
5976,8385
5977,6654
5977,7546
5977,8386
5978,2263
5978,4762
5978,7054
5978,7894
5979,6656
5979,7055
5979,7895
5980,6657
5981,7057
5981,7897
5982,7058
5982,7898
5983,7059
5983,7899
5984,7060
5984,7900
5985,7061
5985,7901
5986,7062
5986,7902
5987,7063
5987,7903
5988,7065
5988,7905
5989,7066
5989,7906
5990,7067
5990,7907
5991,7068
5991,7908
5992,7070
5992,7910
5993,7072
5993,7912
5994,7074
5994,7914
5995,7075
5995,7915
5996,7048
5996,7888
5997,6674
5998,7050
5998,7890
5999,6676
6000,6677
6001,6678
6002,6679
6003,6680
6004,6681
6005,7053
6005,7893
6006,7278
6006,8118
6007,7279
6007,8119
6008,6685
6009,6686
6010,6687
6011,6688
6012,7280
6012,8120
6013,7281
6013,8121
6014,7282
6014,8122
6015,7283
6015,8123
6016,7284
6016,8124
6017,7285
6017,8125
6018,7286
6018,8126
6019,7287
6019,8127
6020,7288
6020,8128
6021,7289
6021,8129
6022,7290
6022,8130
6023,7291
6023,8131
6024,6701
6024,7292
6024,8132
6025,6702
6025,7293
6025,8133
6026,7294
6026,8134
6027,6957
6027,7797
6028,6960
6028,7800
6029,5614
6029,6706
6030,6961
6030,7801
6031,6708
6032,6962
6032,7802
6033,6710
6034,6933
6034,7773
6035,6934
6035,7774
6035,8336
6035,5154
6035,7496
6035,3108
6036,6936
6036,7776
6036,8334
6036,5152
6036,7494
6036,3093
6037,6714
6038,6938
6038,7778
6039,6939
6039,7779
6040,6940
6040,7780
6041,6941
6041,7781
6042,6942
6042,7782
6043,6720
6043,6831
6043,7671
6044,6832
6044,7672
6045,6833
6045,7673
6046,6834
6046,7674
6047,6724
6047,6835
6047,7675
6048,6725
6048,6836
6048,7676
6049,6726
6049,6839
6049,7679
6050,6727
6050,6840
6050,7680
6051,6728
6051,6841
6051,7681
6052,6729
6052,6842
6052,7682
6053,6730
6053,6843
6053,7683
6054,6731
6054,6844
6054,7684
6055,6732
6055,7564
6055,8404
6056,6733
6056,7565
6056,8405
6057,6734
6057,7566
6057,8406
6058,6735
6058,7569
6058,8409
6059,6736
6060,6737
6060,7570
6060,8410
6061,6738
6061,7571
6061,8411
6062,6739
6062,7572
6062,8412
6063,3169
6063,5188
6063,5639
6063,6740
6063,7573
6063,8413
6063,8414
6063,7574
6064,6741
6064,7575
6064,8415
6065,6742
6065,7576
6065,8416
6066,6743
6066,7577
6066,8417
6067,6744
6067,7578
6067,8418
6068,5644
6068,6745
6068,7579
6068,8419
6069,6746
6070,6747
6070,6845
6070,7685
6071,2253
6071,6748
6072,6749
6073,6750
6074,6751
6075,6752
6075,6856
6075,7696
6075,2335
6075,4740
6076,6753
6077,6754
6078,6755
6079,6756
6080,6757
6228,6294
6228,6229
6293,6228
6293,6294
6293,6229
6294,6229
6334,6758
6334,7598
6335,4652
6335,5658
6335,6335
6335,5231
6335,3475
6336,5232
6336,6336
6336,5659
6337,5233
6337,6337
6337,5660
6338,5661
6338,5234
6338,6338
6339,5235
6339,5662
6339,6339
6340,5236
6340,6340
6340,5663
6341,5237
6341,6341
6341,5664
6342,5238
6342,6342
6342,5665
6343,5666
6343,5239
6343,6343
6344,5240
6344,6344
6344,5667
6345,5241
6345,6345
6345,5668
6346,5242
6346,6346
6346,5669
6347,5243
6347,6347
6347,5670
6348,5244
6348,6348
6348,5671
6349,5245
6349,6349
6349,5672
6350,5246
6350,6350
6350,5673
6351,5247
6351,6351
6351,5674
6352,5248
6352,6352
6352,5675
6353,5249
6353,6353
6353,5676
6354,5250
6354,6354
6354,5677
6355,5251
6355,6355
6355,5678
6356,5252
6356,6356
6356,5679
6357,5253
6357,6357
6357,5680
6358,5254
6358,6358
6358,5681
6359,5255
6359,6359
6359,5682
6360,5256
6360,6360
6360,5683
6361,5257
6361,6361
6361,5684
6362,5259
6362,6362
6362,5685
6363,5260
6363,6363
6363,5686
6364,5261
6364,6364
6364,5687
6365,5262
6365,6365
6365,5688
6366,5263
6366,6366
6366,5689
6367,5264
6367,6367
6367,5690
6368,5265
6368,6368
6368,5691
6369,5266
6369,6369
6369,5692
6370,5267
6370,6370
6370,5693
6371,5268
6371,6371
6371,5694
6372,5269
6372,6372
6372,5695
6373,5270
6373,6373
6373,5696
6374,5271
6374,6374
6374,5697
6375,5272
6375,6375
6375,5698
6376,5273
6376,6376
6376,5699
6377,5274
6377,6377
6377,5700
6378,5275
6378,6378
6378,5701
6379,5278
6379,6379
6379,5702
6380,5279
6380,6380
6380,5703
6381,5280
6381,6381
6381,5704
6382,5281
6382,6382
6382,5705
6383,5282
6383,6383
6383,5706
6384,5283
6384,6384
6384,5707
6385,5284
6385,6385
6385,5708
6386,5285
6386,6386
6386,5709
6387,5286
6387,6387
6387,5710
6388,5287
6388,6388
6388,5711
6389,5288
6389,6389
6389,5712
6390,5289
6390,6390
6390,5713
6391,5290
6391,6391
6391,5714
6392,5291
6392,6392
6392,5715
6393,5292
6393,6393
6393,5716
6394,5293
6394,6394
6394,5717
6395,5294
6395,6395
6395,5718
6396,5295
6396,6396
6396,5719
6397,5296
6397,6397
6397,5720
6398,5297
6398,6398
6398,5721
6399,5298
6399,6399
6399,5722
6400,5299
6400,6400
6400,5723
6401,5300
6401,6401
6401,5724
6402,5301
6402,6402
6402,5725
6403,5302
6403,6403
6403,5726
6404,5303
6404,6404
6404,5727
6405,5304
6405,6405
6405,5728
6406,5305
6406,6406
6406,5729
6407,5306
6407,6407
6407,5730
6408,5307
6408,6408
6408,5731
6409,5308
6409,6409
6409,5732
6410,5309
6410,6410
6410,5733
6411,5310
6411,6411
6411,5734
6412,5311
6412,6412
6412,5735
6413,5312
6413,6413
6413,5736
6414,5313
6414,6414
6414,5737
6415,5314
6415,6415
6415,5738
6416,5315
6416,6416
6416,5739
6417,5316
6417,6417
6417,5740
6418,5317
6418,6418
6418,5741
6419,4745
6419,2265
6419,5318
6419,6419
6419,5742
6420,4746
6420,5319
6420,6420
6420,2276
6420,5743
6421,4747
6421,5320
6421,6421
6421,5744
6421,2306
6422,4748
6422,5321
6422,6422
6422,5745
6422,2240
6423,4749
6423,5322
6423,6423
6423,5746
6423,2303
6424,5323
6424,6424
6424,5747
6424,2365
6424,4750
6425,5324
6425,6425
6425,5748
6426,5325
6426,6426
6426,5749
6427,5326
6427,6427
6427,5750
6428,5327
6428,6428
6428,5751
6429,5328
6429,6429
6429,5752
6430,5329
6430,6430
6430,5753
6431,5330
6431,6431
6431,5754
6432,5331
6432,6432
6432,5755
6433,5332
6433,6433
6433,5756
6434,5333
6434,6434
6434,5757
6435,5334
6435,6435
6435,5758
6436,5335
6436,6436
6436,5759
6437,5336
6437,6437
6437,5760
6438,5337
6438,6438
6438,5761
6439,5338
6439,6439
6439,5762
6440,5339
6440,6440
6440,5763
6441,5340
6441,6441
6441,5764
6442,5341
6442,6442
6442,5765
6443,5342
6443,6443
6443,5766
6444,5343
6444,6444
6444,5767
6445,5344
6445,6445
6445,5768
6446,5345
6446,6446
6446,5769
6447,5346
6447,6447
6447,5770
6448,5347
6448,6448
6448,5771
6449,5348
6449,5772
6449,6449
6450,5349
6450,6450
6450,5773
6451,5350
6451,6451
6451,5774
6452,5351
6452,6452
6452,5775
6453,5352
6453,6453
6453,5776
6454,5353
6454,6454
6454,5777
6455,5354
6455,6455
6455,5778
6456,5355
6456,6456
6456,5779
6457,5356
6457,6457
6457,5780
6458,5357
6458,6458
6458,5781
6459,5358
6459,6459
6459,5782
6460,5359
6460,6460
6460,5783
6461,5360
6461,6461
6461,5784
6462,5361
6462,5785
6462,6462
6463,5362
6463,6463
6463,5786
6464,5363
6464,6464
6464,5787
6465,5364
6465,6465
6465,5788
6466,5365
6466,6466
6466,5789
6467,5366
6467,6467
6467,5790
6468,5367
6468,6468
6468,5791
6469,5368
6469,6469
6469,5792
6470,5369
6470,6470
6470,5793
6471,5370
6471,6471
6471,5794
6472,5371
6472,6472
6472,5795
6473,5372
6473,6473
6473,5796
6474,5373
6474,6474
6474,5797
6475,5374
6475,6475
6475,5798
6476,5375
6476,6476
6476,5799
6477,5376
6477,6477
6477,5800
6478,5377
6478,6478
6478,5801
6479,5378
6479,6479
6479,5802
6480,5379
6480,6480
6480,5803
6481,5380
6481,6481
6481,5804
6482,5381
6482,6482
6482,5805
6483,5382
6483,6483
6483,5806
6484,5383
6484,6484
6484,5807
6485,5384
6485,6485
6485,5808
6486,5385
6486,6486
6486,5809
6487,5386
6487,6487
6487,5810
6488,5387
6488,6488
6488,5811
6489,5388
6489,6489
6489,5812
6490,5389
6490,6490
6490,5813
6491,5390
6491,6491
6491,5814
6492,5391
6492,6492
6492,5815
6493,5392
6493,6493
6493,5816
6494,5393
6494,6494
6494,5817
6495,5394
6495,6495
6495,5818
6496,5395
6496,6496
6496,5819
6497,2307
6497,4766
6497,6801
6497,7641
6498,6802
6498,7642
6499,6803
6499,7643
6500,6804
6500,7644
6501,6805
6501,7645
6502,6806
6502,7646
6503,6807
6503,7647
6504,6808
6504,7648
6505,6810
6505,7650
6506,6811
6506,7651
6507,6812
6507,7652
6508,6813
6508,7653
6509,7143
6509,7983
6510,7144
6510,7984
6511,7145
6511,7985
6512,7146
6512,7986
6513,7147
6513,7987
6514,5413
6514,6514
6514,5837
6514,7109
6514,4794
6514,2876
6515,7110
6515,7950
6516,7111
6516,7951
6517,7112
6517,7952
6518,7113
6518,7953
6519,7114
6519,7954
6520,7115
6520,7955
6521,7116
6521,7956
6522,7117
6522,7957
6523,7960
6523,7120
6524,2964
6524,4808
6524,7121
6524,7961
6525,7122
6525,7962
6526,5425
6526,6526
6526,5849
6530,7126
6530,7966
6531,7128
6531,7968
6532,2929
6532,4814
6532,7129
6532,7969
6533,7130
6533,7970
6534,5433
6534,5857
6534,6534
6535,7132
6535,7972
6536,7133
6536,7973
6537,5436
6537,4819
6537,5860
6537,6537
6537,2925
6538,7134
6538,7974
6539,2841
6539,4821
6539,7135
6539,7975
6540,7136
6540,7976
6540,6784
6540,7624
6541,7137
6541,7977
6542,7138
6542,7978
6543,7139
6543,7979
6544,7140
6544,7980
6545,7152
6545,7992
6546,7153
6546,7993
6547,7154
6547,7994
6548,7155
6548,7995
6549,7156
6549,7996
6550,7157
6550,7997
6551,7158
6551,7998
6552,7159
6552,7999
6553,7160
6553,8000
6554,7161
6554,8001
6555,3296
6555,4858
6555,7185
6555,8025
6556,7186
6556,8026
6557,7187
6557,8027
6558,7188
6558,8028
6559,7189
6559,8029
6560,7190
6560,8030
6561,7191
6561,8031
6562,7192
6562,8032
6563,7199
6563,8039
6564,7200
6564,8040
6565,7201
6565,8041
6566,7220
6566,8060
6566,2924
6566,4889
6567,7221
6567,8061
6568,7222
6568,8062
6569,7223
6569,8063
6570,7224
6570,8064
6571,7225
6571,8065
6572,7226
6572,8066
6573,7227
6573,8067
6574,7228
6574,8068
6575,7229
6575,8069
6576,7230
6576,8070
6578,7246
6578,8086
6579,7247
6579,8087
6580,7248
6580,8088
6581,7249
6581,8089
6582,7250
6582,8090
6583,7251
6583,8091
6584,7252
6584,8092
6585,7263
6585,8103
6586,7264
6586,8104
6587,7265
6587,8105
6588,3270
6588,4941
6589,7267
6589,8107
6590,7268
6590,8108
6591,7269
6591,8109
6592,7270
6592,8110
6593,7271
6593,8111
6594,7272
6594,8112
6595,5494
6595,5918
6595,6595
6596,7274
6596,8114
6597,7275
6597,8115
6598,7276
6598,8116
6599,2890
6599,4954
6599,5498
6599,5922
6599,7295
6599,8135
6600,5499
6600,5923
6600,6600
6601,5500
6601,5924
6601,7297
6601,8137
6602,7298
6602,8138
6603,7299
6603,8139
6604,5503
6604,5927
6604,7300
6604,8140
6605,5504
6605,5928
6605,7301
6605,8141
6606,5505
6606,5929
6606,7302
6606,8142
6607,5506
6607,5930
6607,7303
6607,8143
6608,5507
6608,5931
6608,7304
6608,8144
6609,5508
6609,5932
6609,2978
6609,4964
6609,7313
6609,8153
6610,5509
6610,5933
6610,7318
6610,8158
6611,5510
6611,5934
6611,2898
6611,4977
6611,7329
6611,8169
6612,5511
6612,5935
6612,2930
6612,4978
6612,7330
6612,8170
6613,5512
6613,5936
6613,6613
6614,5513
6614,5937
6614,2939
6614,4981
6614,7333
6614,8173
6615,2887
6615,4969
6615,5514
6615,5938
6615,7321
6615,8161
6616,5515
6616,5939
6616,6616
6617,5516
6617,5940
6617,7193
6617,8033
6618,5517
6618,5941
6618,7194
6618,8034
6619,5518
6619,5942
6619,7195
6619,8035
6620,5528
6620,5943
6620,7522
6620,8362
6621,5529
6621,5944
6621,7523
6621,8363
6622,5530
6622,5945
6622,7524
6622,8364
6623,5531
6623,5946
6623,6623
6624,5532
6624,5947
6624,6624
6625,5533
6625,5948
6625,6625
6626,5534
6626,5949
6626,6626
6627,5535
6627,5950
6627,6627
6628,5536
6628,5951
6628,6628
6629,5537
6629,5952
6629,6629
6630,5538
6630,5953
6630,6630
6631,5539
6631,5954
6631,6631
6632,5540
6632,5955
6632,6632
6633,5541
6633,5956
6633,7525
6633,8365
6634,5542
6634,5957
6634,7526
6634,8366
6635,5543
6635,5958
6635,7527
6635,8367
6636,5544
6636,5959
6636,7528
6636,8368
6637,5545
6637,5960
6637,6637
6638,5546
6638,5961
6638,7529
6638,8369
6639,5547
6639,5962
6639,6639
6640,5548
6640,5963
6640,7530
6640,8370
6641,5549
6641,5964
6641,7531
6641,8371
6642,5550
6642,5965
6642,7532
6642,8372
6643,5551
6643,5966
6643,7533
6643,8373
6644,5552
6644,5967
6644,7534
6644,8374
6645,5553
6645,5968
6645,7537
6645,8377
6646,5554
6646,5969
6646,7538
6646,8378
6647,5555
6647,5970
6647,7539
6647,8379
6648,5556
6648,5971
6648,7540
6648,8380
6649,5557
6649,5972
6649,7541
6649,8381
6650,5558
6650,5973
6650,7542
6650,8382
6651,5559
6651,5974
6651,7543
6651,8383
6652,5560
6652,5975
6652,7544
6652,8384
6653,5561
6653,5976
6653,7545
6653,8385
6654,7546
6654,8386
6655,5563
6655,5978
6655,2263
6655,4762
6655,7054
6655,7894
6656,7055
6656,7895
6657,5565
6657,5980
6657,6657
6658,5566
6658,5981
6658,7057
6658,7897
6659,5567
6659,5982
6659,7058
6659,7898
6660,5568
6660,5983
6660,7059
6660,7899
6661,5569
6661,5984
6661,7060
6661,7900
6662,5570
6662,5985
6662,7061
6662,7901
6663,5571
6663,5986
6663,7062
6663,7902
6664,5572
6664,5987
6664,7063
6664,7903
6665,5573
6665,5988
6665,7065
6665,7905
6666,5574
6666,5989
6666,7066
6666,7906
6667,5575
6667,5990
6667,7067
6667,7907
6668,5576
6668,5991
6668,7068
6668,7908
6669,5577
6669,5992
6669,7070
6669,7910
6670,5578
6670,5993
6670,7072
6670,7912
6671,5579
6671,5994
6671,7074
6671,7914
6672,5580
6672,5995
6672,7075
6672,7915
6673,5581
6673,5996
6673,7048
6673,7888
6674,5582
6674,5997
6674,6674
6675,5583
6675,5998
6675,7050
6675,7890
6676,5584
6676,5999
6676,6676
6677,5585
6677,6000
6677,6677
6678,5586
6678,6001
6678,6678
6679,5587
6679,6002
6679,6679
6682,5590
6682,6005
6682,7053
6682,7893
6683,5591
6683,6006
6683,7278
6683,8118
6684,5592
6684,6007
6684,7279
6684,8119
6685,5593
6685,6008
6685,6685
6686,5594
6686,6009
6686,6686
6687,5595
6687,6010
6687,6687
6688,5596
6688,6011
6688,6688
6689,5597
6689,6012
6689,7280
6689,8120
6690,5598
6690,6013
6690,7281
6690,8121
6691,5599
6691,6014
6691,7282
6691,8122
6692,5600
6692,6015
6692,7283
6692,8123
6693,5601
6693,6016
6693,7284
6693,8124
6694,5602
6694,6017
6694,7285
6694,8125
6695,5603
6695,6018
6695,7286
6695,8126
6696,5604
6696,6019
6696,7287
6696,8127
6697,5605
6697,6020
6697,7288
6697,8128
6698,5606
6698,6021
6698,7289
6698,8129
6699,5607
6699,6022
6699,7290
6699,8130
6700,5608
6700,6023
6700,7291
6700,8131
6701,7292
6701,8132
6702,7293
6702,8133
6703,5611
6703,6026
6703,7294
6703,8134
6704,5612
6704,6027
6704,6957
6704,7797
6705,5613
6705,6028
6705,6960
6705,7800
6706,6029
6706,5614
6706,6706
6707,5615
6707,6030
6707,6961
6707,7801
6708,5616
6708,6031
6708,6708
6709,5617
6709,6032
6709,6962
6709,7802
6710,5618
6710,6033
6710,6710
6711,5519
6711,6034
6711,6933
6711,7773
6712,5520
6712,6035
6712,6934
6712,7774
6712,8336
6712,5154
6712,7496
6712,3108
6713,5521
6713,6036
6713,6936
6713,7776
6713,8334
6713,5152
6713,7494
6713,3093
6715,5523
6715,6038
6715,6938
6715,7778
6716,5524
6716,6039
6716,6939
6716,7779
6717,5525
6717,6040
6717,6940
6717,7780
6718,5526
6718,6041
6718,6941
6718,7781
6719,5527
6719,6042
6719,6942
6719,7782
6720,6831
6720,7671
6721,5620
6721,6044
6721,6832
6721,7672
6722,5621
6722,6045
6722,6833
6722,7673
6723,5622
6723,6046
6723,6834
6723,7674
6724,6835
6724,7675
6725,6836
6725,7676
6726,6839
6726,7679
6727,6840
6727,7680
6728,6841
6728,7681
6729,6842
6729,7682
6730,6843
6730,7683
6731,6844
6731,7684
6732,7564
6732,8404
6733,7565
6733,8405
6734,7566
6734,8406
6735,7569
6735,8409
6736,5635
6736,6059
6736,6736
6737,7570
6737,8410
6738,7571
6738,8411
6739,7572
6739,8412
6740,7573
6740,8413
6740,8414
6740,7574
6741,7575
6741,8415
6742,7576
6742,8416
6743,7577
6743,8417
6744,7578
6744,8418
6745,7579
6745,8419
6746,5645
6746,6069
6746,6746
6747,6845
6747,7685
6748,4730
6748,5647
6748,6071
6748,2253
6748,6748
6749,5648
6749,6072
6749,6749
6751,5650
6751,6074
6751,6751
6752,6856
6752,7696
6752,2335
6752,4740
6753,5652
6753,6076
6753,6753
6754,5653
6754,6077
6754,6754
6755,5654
6755,6078
6755,6755
6756,5655
6756,6079
6756,6756
6757,5656
6757,6080
6757,6757
6758,7598
6778,7618
6779,7619
6780,7620
6782,7622
6783,7623
6784,7624
6790,7630
6799,7639
6801,7641
6802,7642
6803,7643
6804,7644
6805,7645
6806,7646
6807,7647
6808,7648
6810,7650
6811,7651
6812,7652
6813,7653
6818,7658
6818,2300
6818,4676
6819,7659
6820,7660
6821,7661
6822,7662
6824,7664
6825,7665
6826,7666
6831,7671
6832,7672
6833,7673
6834,7674
6835,7675
6836,7676
6839,7679
6840,7680
6841,7681
6842,7682
6843,7683
6844,7684
6845,7685
6846,7686
6846,2375
6846,4731
6846,5649
6846,6073
6846,6750
6847,7687
6847,2254
6847,4732
6848,7688
6849,7689
6850,7690
6851,7691
6852,7692
6853,7693
6854,7694
6854,2290
6854,4739
6856,7696
6856,2335
6856,4740
6857,7697
6858,7698
6861,7701
6861,2317
6861,4743
6865,7705
6865,2266
6865,4744
6868,7708
6874,7714
6876,7716
6877,7717
6880,7720
6880,2281
6880,4699
6884,7724
6884,2301
6884,4700
6888,7728
6892,7732
6892,2374
6892,4668
6894,7734
6895,7735
6896,7736
6897,7737
6909,7749
6909,2250
6909,4673
6910,7750
6911,7751
6933,7773
6934,7774
6934,8336
6934,5154
6934,7496
6934,3108
6935,5522
6935,6037
6935,6714
6936,7776
6936,8334
6936,5152
6936,7494
6936,3093
6938,7778
6939,7779
6940,7780
6941,7781
6942,7782
6957,7797
6960,7800
6961,7801
6962,7802
7010,7850
7010,3132
7010,5212
7012,7852
7013,7853
7013,3144
7013,5198
7014,7854
7014,3165
7014,5200
7015,7855
7016,7856
7017,7857
7018,7858
7019,7859
7033,7873
7048,7888
7050,7890
7051,7891
7051,5588
7051,6003
7051,6680
7052,7892
7052,5589
7052,6004
7052,6681
7053,7893
7054,7894
7055,7895
7057,7897
7058,7898
7059,7899
7060,7900
7061,7901
7062,7902
7063,7903
7065,7905
7066,7906
7067,7907
7068,7908
7070,7910
7072,7912
7074,7914
7075,7915
7077,7917
7077,6293
7077,6228
7077,6294
7077,6229
7078,7918
7079,7919
7080,7920
7089,7929
7090,7930
7091,7931
7092,7932
7093,7933
7094,7934
7094,2949
7094,4786
7099,7939
7100,7940
7101,7941
7102,7942
7103,7943
7104,7944
7105,7945
7109,7949
7109,5413
7109,5837
7109,6514
7109,4794
7109,2876
7110,7950
7111,7951
7112,7952
7113,7953
7114,7954
7115,7955
7116,7956
7117,7957
7121,7961
7122,7962
7123,7963
7123,5426
7123,5850
7123,6527
7124,7964
7124,5427
7124,5851
7124,6528
7125,7965
7125,5428
7125,5852
7125,6529
7126,7966
7128,7968
7129,7969
7130,7970
7131,7971
7132,7972
7133,7973
7134,7974
7135,7975
7136,7976
7136,6784
7136,7624
7137,7977
7138,7978
7139,7979
7140,7980
7141,7981
7141,4807
7141,5422
7141,5846
7141,2884
7141,6523
7141,7960
7141,7120
7143,7983
7144,7984
7145,7985
7146,7986
7147,7987
7151,7991
7152,7992
7153,7993
7154,7994
7155,7995
7156,7996
7157,7997
7158,7998
7159,7999
7160,8000
7161,8001
7162,7172
7162,8002
7162,8012
7163,8003
7164,8004
7165,8005
7166,8006
7167,8007
7168,8008
7169,8009
7170,8010
7171,8011
7172,8002
7172,8012
7173,8013
7174,8014
7175,8015
7176,8016
7177,8017
7178,8018
7179,8019
7183,8023
7184,8024
7185,8025
7186,8026
7187,8027
7188,8028
7189,8029
7190,8030
7191,8031
7192,8032
7193,8033
7194,8034
7195,8035
7199,8039
7200,8040
7201,8041
7202,8042
7203,8043
7204,8044
7205,8045
7206,8046
7206,7207
7206,8047
7207,8047
7208,8048
7209,8049
7210,8050
7211,8051
7212,8052
7213,8053
7214,8054
7215,8055
7216,8056
7217,8057
7218,8058
7219,8059
7220,8060
7220,2924
7220,4889
7221,8061
7222,8062
7223,8063
7224,8064
7225,8065
7226,8066
7227,8067
7228,8068
7229,8069
7230,8070
7231,8071
7232,8072
7233,8073
7234,8074
7235,8075
7236,8076
7237,8077
7238,8078
7239,8079
7240,8080
7241,8081
7242,8082
7243,8083
7244,8084
7245,8085
7245,5476
7245,5900
7245,6577
7246,8086
7247,8087
7248,8088
7249,8089
7250,8090
7251,8091
7252,8092
7253,8093
7254,8094
7255,8095
7256,8096
7257,8097
7258,8098
7259,8099
7260,8100
7261,8101
7262,8102
7263,8103
7264,8104
7265,8105
7266,8106
7266,5487
7266,5911
7266,6588
7266,3270
7266,4941
7267,8107
7268,8108
7269,8109
7270,8110
7271,8111
7272,8112
7273,8113
7274,8114
7275,8115
7276,8116
7278,8118
7279,8119
7280,8120
7281,8121
7282,8122
7283,8123
7284,8124
7285,8125
7286,8126
7287,8127
7288,8128
7289,8129
7290,8130
7291,8131
7292,8132
7293,8133
7294,8134
7295,8135
7296,8136
7297,8137
7298,8138
7299,8139
7300,8140
7301,8141
7302,8142
7303,8143
7304,8144
7305,8145
7306,8146
7307,8147
7308,8148
7309,8149
7310,8150
7311,8151
7312,8152
7313,8153
7314,8154
7315,8155
7318,8158
7319,8159
7320,8160
7321,8161
7322,8162
7323,8163
7324,8164
7325,8165
7326,8166
7327,8167
7328,8168
7329,8169
7330,8170
7331,8171
7332,8172
7333,8173
7334,8174
7334,7335
7334,8175
7335,8175
7336,8176
7337,8177
7338,8178
7339,8179
7340,8180
7341,8181
7342,8182
7343,8183
7344,8184
7345,8185
7346,8186
7347,8187
7348,8188
7349,8189
7350,8190
7351,8191
7352,8192
7353,8193
7354,8194
7355,8195
7356,8196
7357,8197
7358,8198
7359,8199
7360,8200
7361,8201
7362,8202
7363,8203
7364,8204
7365,8205
7366,8206
7367,8207
7368,8208
7369,8209
7370,8210
7371,8211
7372,8212
7373,8213
7374,8214
7375,8215
7376,8216
7377,8217
7378,8218
7379,8219
7380,8220
7381,8221
7382,8222
7383,8223
7384,8224
7385,8225
7386,8226
7387,8227
7388,8228
7389,8229
7390,8230
7391,8231
7392,8232
7393,8233
7394,8234
7395,8235
7396,8236
7397,8237
7398,8238
7399,8239
7400,8240
7401,8241
7402,8242
7403,8243
7404,8244
7405,8245
7406,8246
7407,8247
7408,8248
7409,8249
7410,8250
7411,8251
7412,8252
7413,8253
7414,8254
7415,8255
7416,8256
7417,8257
7418,8258
7419,8259
7420,8260
7421,8261
7422,8262
7423,8263
7425,8265
7426,8266
7427,8267
7428,8268
7429,8269
7430,8270
7431,8271
7432,8272
7433,8273
7434,8274
7435,8275
7436,8276
7437,8277
7438,8278
7439,8279
7440,8280
7441,8281
7442,8282
7443,8283
7444,8284
7445,8285
7446,8286
7447,8287
7448,8288
7449,8289
7450,8290
7451,8291
7452,8292
7453,8293
7454,8294
7455,8295
7456,8296
7457,8297
7458,8298
7459,8299
7460,8300
7461,8301
7462,8302
7463,8303
7464,8304
7465,8305
7466,8306
7467,8307
7468,8308
7469,8309
7470,8310
7471,8311
7472,8312
7473,8313
7474,8314
7475,8315
7476,8316
7477,8317
7478,8318
7479,8319
7480,8320
7481,8321
7482,8322
7483,8323
7484,8324
7485,8325
7486,8326
7487,8327
7488,8328
7489,8329
7490,8330
7491,8331
7492,8332
7493,8333
7494,3093
7495,8335
7496,3108
7497,7775
7497,3090
7497,6935
7497,5522
7497,6037
7497,6714
7498,8338
7499,8339
7499,6716
7499,5524
7499,6039
7499,6939
7499,7779
7500,8340
7500,6717
7500,5525
7500,6040
7500,6940
7500,7780
7501,8341
7501,6718
7501,5526
7501,6041
7501,6941
7501,7781
7502,8342
7502,6719
7502,5527
7502,6042
7502,6942
7502,7782
7503,8343
7504,8344
7505,8345
7506,8346
7507,8347
7508,8348
7509,8349
7510,8350
7511,8351
7512,8352
7513,8353
7514,8354
7515,8355
7522,8362
7523,8363
7524,8364
7525,8365
7526,8366
7527,8367
7528,8368
7529,8369
7530,8370
7531,8371
7532,8372
7533,8373
7534,8374
7537,8377
7538,8378
7539,8379
7540,8380
7541,8381
7542,8382
7543,8383
7544,8384
7545,8385
7546,8386
7547,8387
7550,8390
7551,8391
7551,3168
7551,5177
7552,8392
7552,3179
7552,5179
7554,8394
7557,8397
7559,8399
7564,8404
7565,8405
7566,8406
7567,8407
7568,8408
7569,8409
7570,8410
7571,8411
7572,8412
7573,8413
7573,8414
7573,7574
7575,8415
7576,8416
7577,8417
7578,8418
7579,8419
7581,8421
7582,8422
7585,8425
7586,8426
7587,8427
7588,8428
7590,8430
7591,8431
7593,8433
7594,7596
7594,8434
7594,8436
7595,8435
7596,8434
7596,8436
7598,4651
7598,2330
7598,5230
7598,5657
7598,6334
7598,6758
7598,7598
7618,4753
7618,2279
7618,6778
7618,7618
7619,4754
7619,2302
7619,6779
7619,7619
7620,4755
7620,2274
7620,6780
7620,7620
7622,4756
7622,2278
7622,6782
7622,7622
7623,4757
7623,2308
7623,6783
7623,7623
7630,4758
7630,2320
7630,6790
7630,7630
7639,4765
7639,2326
7639,6799
7639,7639
7641,5396
7641,5820
7641,6497
7641,2307
7641,4766
7641,6801
7641,7641
7642,4767
7642,2357
7642,5397
7642,5821
7642,6498
7642,6802
7642,7642
7643,4768
7643,2251
7643,5398
7643,5822
7643,6499
7643,6803
7643,7643
7644,4769
7644,2311
7644,5399
7644,5823
7644,6500
7644,6804
7644,7644
7645,5400
7645,2288
7645,4770
7645,5824
7645,6501
7645,6805
7645,7645
7646,5401
7646,2270
7646,4771
7646,5825
7646,6502
7646,6806
7646,7646
7647,4772
7647,2341
7647,5402
7647,5826
7647,6503
7647,6807
7647,7647
7648,4773
7648,2328
7648,5403
7648,5827
7648,6504
7648,6808
7648,7648
7650,5404
7650,2315
7650,4774
7650,5828
7650,6505
7650,6810
7650,7650
7651,5405
7651,5829
7651,6506
7651,6811
7651,7651
7652,5406
7652,5830
7652,6507
7652,6812
7652,7652
7653,4775
7653,2244
7653,5407
7653,5831
7653,6508
7653,6813
7653,7653
7658,6818
7658,7658
7658,2300
7658,4676
7659,4677
7659,2323
7659,6819
7659,7659
7660,4678
7660,2325
7660,6820
7660,7660
7661,4679
7661,2339
7661,6821
7661,7661
7662,2319
7662,4680
7662,6822
7662,7662
7664,2261
7664,4681
7664,6824
7664,7664
7665,4682
7665,2249
7665,6825
7665,7665
7666,2255
7666,4683
7666,6826
7666,7666
7671,5619
7671,6043
7671,6720
7671,6831
7671,7671
7672,6721
7672,5620
7672,6044
7672,6832
7672,7672
7673,6722
7673,5621
7673,6045
7673,6833
7673,7673
7674,6723
7674,5622
7674,6046
7674,6834
7674,7674
7675,5623
7675,6047
7675,6724
7675,6835
7675,7675
7676,5624
7676,6048
7676,6725
7676,6836
7676,7676
7679,5625
7679,6049
7679,6726
7679,6839
7679,7679
7680,4702
7680,2368
7680,5626
7680,6050
7680,6727
7680,6840
7680,7680
7681,5627
7681,6051
7681,6728
7681,6841
7681,7681
7682,5628
7682,6052
7682,6729
7682,6842
7682,7682
7683,5629
7683,6053
7683,6730
7683,6843
7683,7683
7684,5630
7684,6054
7684,6731
7684,6844
7684,7684
7685,4729
7685,2347
7685,5646
7685,6070
7685,6747
7685,6845
7685,7685
7686,6846
7686,7686
7686,2375
7686,4731
7686,5649
7686,6073
7686,6750
7687,6847
7687,7687
7687,2254
7687,4732
7688,4733
7688,2287
7688,6848
7688,7688
7689,4734
7689,2312
7689,6849
7689,7689
7690,4735
7690,2295
7690,6850
7690,7690
7691,4736
7691,2237
7691,6851
7691,7691
7692,4737
7692,2239
7692,6852
7692,7692
7693,2314
7693,4738
7693,6853
7693,7693
7694,6854
7694,7694
7694,2290
7694,4739
7696,5651
7696,6075
7696,6752
7696,6856
7696,7696
7696,2335
7696,4740
7697,4741
7697,2291
7697,6857
7697,7697
7698,4742
7698,2372
7698,6858
7698,7698
7701,6861
7701,7701
7701,2317
7701,4743
7705,6865
7705,7705
7705,2266
7705,4744
7708,3166
7708,5220
7708,6868
7708,7708
7714,3126
7714,5221
7714,6874
7714,7714
7716,3175
7716,5222
7716,6876
7716,7716
7717,3173
7717,5223
7717,6877
7717,7717
7720,6880
7720,7720
7720,2281
7720,4699
7724,6884
7724,7724
7724,2301
7724,4700
7728,4698
7728,2361
7728,6888
7728,7728
7732,6892
7732,7732
7732,2374
7732,4668
7734,4669
7734,2232
7734,6894
7734,7734
7735,4670
7735,2332
7735,6895
7735,7735
7736,4671
7736,2269
7736,6896
7736,7736
7737,4672
7737,2298
7737,6897
7737,7737
7749,6909
7749,7749
7749,2250
7749,4673
7750,4674
7750,2272
7750,6910
7750,7750
7751,4675
7751,2286
7751,6911
7751,7751
7773,6711
7773,5519
7773,6034
7773,6933
7773,7773
7774,8336
7774,5154
7774,7496
7774,3108
7775,3090
7775,6935
7775,5522
7775,6037
7775,6714
7776,8334
7776,5152
7776,7494
7776,3093
7778,6715
7778,5523
7778,6038
7778,6938
7778,7778
7797,6704
7797,5612
7797,6027
7797,6957
7797,7797
7800,6705
7800,5613
7800,6028
7800,6960
7800,7800
7801,6707
7801,5615
7801,6030
7801,6961
7801,7801
7802,6709
7802,5617
7802,6032
7802,6962
7802,7802
7850,7010
7850,7850
7850,3132
7850,5212
7852,3153
7852,5196
7852,7012
7852,7852
7853,7013
7853,7853
7853,3144
7853,5198
7854,7014
7854,7854
7854,3165
7854,5200
7855,3176
7855,5201
7855,7015
7855,7855
7856,3160
7856,5202
7856,7016
7856,7856
7857,3143
7857,5203
7857,7017
7857,7857
7858,3170
7858,5204
7858,7018
7858,7858
7859,3131
7859,5205
7859,7019
7859,7859
7873,3157
7873,5224
7873,7033
7873,7873
7888,6673
7888,5581
7888,5996
7888,7048
7888,7888
7890,6675
7890,5583
7890,5998
7890,7050
7890,7890
7891,7051
7891,7891
7891,5588
7891,6003
7891,6680
7892,7052
7892,7892
7892,5589
7892,6004
7892,6681
7893,6682
7893,5590
7893,6005
7893,7053
7893,7893
7894,6655
7894,5563
7894,5978
7894,2263
7894,4762
7894,7054
7894,7894
7895,4763
7895,2246
7895,5564
7895,5979
7895,6656
7895,7055
7895,7895
7897,6658
7897,5566
7897,5981
7897,7057
7897,7897
7898,6659
7898,5567
7898,5982
7898,7058
7898,7898
7899,6660
7899,5568
7899,5983
7899,7059
7899,7899
7900,6661
7900,5569
7900,5984
7900,7060
7900,7900
7901,6662
7901,5570
7901,5985
7901,7061
7901,7901
7902,6663
7902,5571
7902,5986
7902,7062
7902,7902
7903,6664
7903,5572
7903,5987
7903,7063
7903,7903
7905,6665
7905,5573
7905,5988
7905,7065
7905,7905
7906,6666
7906,5574
7906,5989
7906,7066
7906,7906
7907,6667
7907,5575
7907,5990
7907,7067
7907,7907
7908,6668
7908,5576
7908,5991
7908,7068
7908,7908
7910,6669
7910,5577
7910,5992
7910,7070
7910,7910
7912,6670
7912,5578
7912,5993
7912,7072
7912,7912
7914,6671
7914,5579
7914,5994
7914,7074
7914,7914
7915,6672
7915,5580
7915,5995
7915,7075
7915,7915
7917,2868
7917,4776
7917,7077
7917,7917
7917,6293
7917,6228
7917,6294
7917,6229
7918,4777
7918,2908
7918,7078
7918,7918
7919,4778
7919,2904
7919,7079
7919,7919
7920,2954
7920,4779
7920,7080
7920,7920
7929,4780
7929,2900
7929,7089
7929,7929
7930,4781
7930,2914
7930,7090
7930,7930
7931,4782
7931,2975
7931,7091
7931,7931
7932,4783
7932,2916
7932,7092
7932,7932
7933,4784
7933,2856
7933,7093
7933,7933
7934,7094
7934,7934
7934,2949
7934,4786
7939,4787
7939,2862
7939,7099
7939,7939
7940,4788
7940,2864
7940,7100
7940,7940
7941,4789
7941,2852
7941,7101
7941,7941
7942,4790
7942,2860
7942,7102
7942,7942
7943,2873
7943,4791
7943,7103
7943,7943
7944,4792
7944,2870
7944,7104
7944,7944
7945,4793
7945,2956
7945,7105
7945,7945
7949,4794
7949,2876
7949,7109
7949,7949
7949,5413
7949,5837
7949,6514
7950,4795
7950,2981
7950,5414
7950,5838
7950,6515
7950,7110
7950,7950
7951,2946
7951,4796
7951,5415
7951,5839
7951,6516
7951,7111
7951,7951
7952,4797
7952,2889
7952,5416
7952,5840
7952,6517
7952,7112
7952,7952
7953,5417
7953,2915
7953,4802
7953,5841
7953,6518
7953,7113
7953,7953
7954,4803
7954,2933
7954,5418
7954,5842
7954,6519
7954,7114
7954,7954
7955,4804
7955,2912
7955,5419
7955,5843
7955,6520
7955,7115
7955,7955
7956,4805
7956,2922
7956,5420
7956,5844
7956,6521
7956,7116
7956,7956
7957,4806
7957,2901
7957,5421
7957,5845
7957,6522
7957,7117
7957,7957
7960,7120
7961,5423
7961,5847
7961,6524
7961,2964
7961,4808
7961,7121
7961,7961
7962,4809
7962,2951
7962,5424
7962,5848
7962,6525
7962,7122
7962,7962
7963,4810
7963,2857
7963,7123
7963,7963
7963,5426
7963,5850
7963,6527
7964,4811
7964,2977
7964,7124
7964,7964
7964,5427
7964,5851
7964,6528
7965,4812
7965,2966
7965,7125
7965,7965
7965,5428
7965,5852
7965,6529
7966,4813
7966,2927
7966,5429
7966,5853
7966,6530
7966,7126
7966,7966
7968,5430
7968,5854
7968,6531
7968,7128
7968,7968
7969,5431
7969,5855
7969,6532
7969,2929
7969,4814
7969,7129
7969,7969
7970,4815
7970,2851
7970,5432
7970,5856
7970,6533
7970,7130
7970,7970
7971,4816
7971,2955
7971,7131
7971,7971
7972,4817
7972,2881
7972,5434
7972,5858
7972,6535
7972,7132
7972,7972
7973,4818
7973,2957
7973,5435
7973,5859
7973,6536
7973,7133
7973,7973
7974,4820
7974,2885
7974,5437
7974,5861
7974,6538
7974,7134
7974,7974
7975,5438
7975,5862
7975,6539
7975,2841
7975,4821
7975,7135
7975,7975
7976,4822
7976,2961
7976,5439
7976,5863
7976,6540
7976,7136
7976,7976
7976,6784
7976,7624
7977,4823
7977,2967
7977,5440
7977,5864
7977,6541
7977,7137
7977,7977
7978,4824
7978,2950
7978,5441
7978,5865
7978,6542
7978,7138
7978,7978
7979,5442
7979,2843
7979,4825
7979,5866
7979,6543
7979,7139
7979,7979
7980,4826
7980,2850
7980,5443
7980,5867
7980,6544
7980,7140
7980,7980
7981,7141
7981,7981
7981,4807
7981,5422
7981,5846
7981,2884
7981,6523
7981,7960
7981,7120
7983,5408
7983,5832
7983,6509
7983,7143
7983,7983
7984,5409
7984,5833
7984,6510
7984,7144
7984,7984
7985,5410
7985,5834
7985,6511
7985,7145
7985,7985
7986,5411
7986,5835
7986,6512
7986,7146
7986,7986
7987,5412
7987,5836
7987,6513
7987,7147
7987,7987
7991,2893
7991,4827
7991,7151
7991,7991
7992,4828
7992,2919
7992,5444
7992,5868
7992,6545
7992,7152
7992,7992
7993,4829
7993,2941
7993,5445
7993,5869
7993,6546
7993,7153
7993,7993
7994,4830
7994,2948
7994,5446
7994,5870
7994,6547
7994,7154
7994,7994
7995,4831
7995,2944
7995,5447
7995,5871
7995,6548
7995,7155
7995,7995
7996,4832
7996,2958
7996,5448
7996,5872
7996,6549
7996,7156
7996,7996
7997,4833
7997,3328
7997,5449
7997,5873
7997,6550
7997,7157
7997,7997
7998,4834
7998,2910
7998,5450
7998,5874
7998,6551
7998,7158
7998,7998
7999,4835
7999,2899
7999,5451
7999,5875
7999,6552
7999,7159
7999,7999
8000,4836
8000,2984
8000,5452
8000,5876
8000,6553
8000,7160
8000,8000
8001,4837
8001,2953
8001,5453
8001,5877
8001,6554
8001,7161
8001,8001
8002,8012
8003,4839
8003,3263
8003,7163
8003,8003
8004,4840
8004,3228
8004,7164
8004,8004
8005,4841
8005,3256
8005,7165
8005,8005
8006,4842
8006,3193
8006,7166
8006,8006
8007,4843
8007,3204
8007,7167
8007,8007
8008,4844
8008,3248
8008,7168
8008,8008
8009,4845
8009,3224
8009,7169
8009,8009
8010,4846
8010,3215
8010,7170
8010,8010
8011,4847
8011,3225
8011,7171
8011,8011
8012,4848
8012,3240
8012,7162
8012,7172
8012,8002
8012,8012
8013,3247
8013,4849
8013,7173
8013,8013
8014,4850
8014,3237
8014,7174
8014,8014
8015,4851
8015,3230
8015,7175
8015,8015
8016,4852
8016,3288
8016,7176
8016,8016
8017,4853
8017,3192
8017,7177
8017,8017
8018,4854
8018,3229
8018,7178
8018,8018
8019,3283
8019,4855
8019,7179
8019,8019
8023,4856
8023,3218
8023,7183
8023,8023
8024,4857
8024,3292
8024,7184
8024,8024
8025,5454
8025,5878
8025,6555
8025,3296
8025,4858
8025,7185
8025,8025
8026,4859
8026,3301
8026,5455
8026,5879
8026,6556
8026,7186
8026,8026
8027,3313
8027,4860
8027,5456
8027,5880
8027,6557
8027,7187
8027,8027
8028,4861
8028,3278
8028,5457
8028,5881
8028,6558
8028,7188
8028,8028
8029,4862
8029,3310
8029,5458
8029,5882
8029,6559
8029,7189
8029,8029
8030,4863
8030,3334
8030,5459
8030,5883
8030,6560
8030,7190
8030,8030
8031,4864
8031,3280
8031,5460
8031,5884
8031,6561
8031,7191
8031,8031
8032,4865
8032,3277
8032,5461
8032,5885
8032,6562
8032,7192
8032,8032
8033,6617
8033,5516
8033,5940
8033,7193
8033,8033
8034,6618
8034,5517
8034,5941
8034,7194
8034,8034
8035,6619
8035,5518
8035,5942
8035,7195
8035,8035
8039,4866
8039,2968
8039,5462
8039,5886
8039,6563
8039,7199
8039,8039
8040,4867
8040,2854
8040,5463
8040,5887
8040,6564
8040,7200
8040,8040
8041,4868
8041,2848
8041,5464
8041,5888
8041,6565
8041,7201
8041,8041
8042,4869
8042,3181
8042,7202
8042,8042
8043,4870
8043,3180
8043,7203
8043,8043
8044,4871
8044,3187
8044,7204
8044,8044
8045,4872
8045,3184
8045,7205
8045,8045
8046,7207
8046,8047
8047,4873
8047,3186
8047,7206
8047,8046
8047,7207
8047,8047
8048,4875
8048,3189
8048,7208
8048,8048
8049,4876
8049,3185
8049,7209
8049,8049
8050,4877
8050,3191
8050,7210
8050,8050
8051,4878
8051,3190
8051,7211
8051,8051
8052,4879
8052,3183
8052,7212
8052,8052
8053,4880
8053,2863
8053,7213
8053,8053
8054,4881
8054,2853
8054,7214
8054,8054
8055,4882
8055,2877
8055,7215
8055,8055
8056,4883
8056,2938
8056,7216
8056,8056
8057,4884
8057,2897
8057,7217
8057,8057
8058,4885
8058,2909
8058,7218
8058,8058
8059,4886
8059,2895
8059,7219
8059,8059
8060,5465
8060,5889
8060,6566
8060,7220
8060,8060
8060,2924
8060,4889
8061,5466
8061,2886
8061,4890
8061,5890
8061,6567
8061,7221
8061,8061
8062,5467
8062,2879
8062,4891
8062,5891
8062,6568
8062,7222
8062,8062
8063,5468
8063,2903
8063,4892
8063,5892
8063,6569
8063,7223
8063,8063
8064,5469
8064,2947
8064,4893
8064,5893
8064,6570
8064,7224
8064,8064
8065,5470
8065,2963
8065,4894
8065,5894
8065,6571
8065,7225
8065,8065
8066,5471
8066,3182
8066,4895
8066,5895
8066,6572
8066,7226
8066,8066
8067,5472
8067,2905
8067,4896
8067,5896
8067,6573
8067,7227
8067,8067
8068,4897
8068,2945
8068,5473
8068,5897
8068,6574
8068,7228
8068,8068
8069,5474
8069,2971
8069,4898
8069,5898
8069,6575
8069,7229
8069,8069
8070,5475
8070,2907
8070,4899
8070,5899
8070,6576
8070,7230
8070,8070
8071,4900
8071,3327
8071,7231
8071,8071
8072,4901
8072,3341
8072,7232
8072,8072
8073,4902
8073,3294
8073,7233
8073,8073
8074,4903
8074,3289
8074,7234
8074,8074
8075,4904
8075,3316
8075,7235
8075,8075
8076,4905
8076,3285
8076,7236
8076,8076
8077,4906
8077,3335
8077,7237
8077,8077
8078,4907
8078,3325
8078,7238
8078,8078
8079,4908
8079,3339
8079,7239
8079,8079
8080,4909
8080,3281
8080,7240
8080,8080
8081,4910
8081,3337
8081,7241
8081,8081
8082,4911
8082,2960
8082,7242
8082,8082
8083,4912
8083,2859
8083,7243
8083,8083
8084,4913
8084,2858
8084,7244
8084,8084
8085,7245
8085,8085
8085,5476
8085,5900
8085,6577
8086,5477
8086,5901
8086,6578
8086,7246
8086,8086
8087,5478
8087,5902
8087,6579
8087,7247
8087,8087
8088,5479
8088,5903
8088,6580
8088,7248
8088,8088
8089,5480
8089,5904
8089,6581
8089,7249
8089,8089
8090,5481
8090,5905
8090,6582
8090,7250
8090,8090
8091,5482
8091,5906
8091,6583
8091,7251
8091,8091
8092,5483
8092,5907
8092,6584
8092,7252
8092,8092
8093,4914
8093,2931
8093,7253
8093,8093
8094,4915
8094,2906
8094,7254
8094,8094
8095,4916
8095,2983
8095,7255
8095,8095
8096,4917
8096,2980
8096,7256
8096,8096
8097,4918
8097,2878
8097,7257
8097,8097
8098,4949
8098,2842
8098,7258
8098,8098
8099,2845
8099,4950
8099,7259
8099,8099
8100,4951
8100,2935
8100,7260
8100,8100
8101,4952
8101,2936
8101,7261
8101,8101
8102,2867
8102,4953
8102,7262
8102,8102
8103,4919
8103,2943
8103,5484
8103,5908
8103,6585
8103,7263
8103,8103
8104,5485
8104,3209
8104,4920
8104,5909
8104,6586
8104,7264
8104,8104
8105,5486
8105,3274
8105,4921
8105,5910
8105,6587
8105,7265
8105,8105
8106,7266
8106,8106
8106,5487
8106,5911
8106,6588
8106,3270
8106,4941
8107,5488
8107,3271
8107,4942
8107,5912
8107,6589
8107,7267
8107,8107
8108,5489
8108,3311
8108,4943
8108,5913
8108,6590
8108,7268
8108,8108
8109,5490
8109,3295
8109,4944
8109,5914
8109,6591
8109,7269
8109,8109
8110,5491
8110,3282
8110,4945
8110,5915
8110,6592
8110,7270
8110,8110
8111,5492
8111,3332
8111,4946
8111,5916
8111,6593
8111,7271
8111,8111
8112,5493
8112,3286
8112,4947
8112,5917
8112,6594
8112,7272
8112,8112
8113,4948
8113,3317
8113,7273
8113,8113
8114,5495
8114,5919
8114,6596
8114,7274
8114,8114
8115,5496
8115,5920
8115,6597
8115,7275
8115,8115
8116,5497
8116,5921
8116,6598
8116,7276
8116,8116
8118,6683
8118,5591
8118,6006
8118,7278
8118,8118
8119,6684
8119,5592
8119,6007
8119,7279
8119,8119
8120,6689
8120,5597
8120,6012
8120,7280
8120,8120
8121,6690
8121,5598
8121,6013
8121,7281
8121,8121
8122,6691
8122,5599
8122,6014
8122,7282
8122,8122
8123,6692
8123,5600
8123,6015
8123,7283
8123,8123
8124,6693
8124,5601
8124,6016
8124,7284
8124,8124
8125,6694
8125,5602
8125,6017
8125,7285
8125,8125
8126,6695
8126,5603
8126,6018
8126,7286
8126,8126
8127,6696
8127,5604
8127,6019
8127,7287
8127,8127
8128,6697
8128,5605
8128,6020
8128,7288
8128,8128
8129,6698
8129,5606
8129,6021
8129,7289
8129,8129
8130,6699
8130,5607
8130,6022
8130,7290
8130,8130
8131,6700
8131,5608
8131,6023
8131,7291
8131,8131
8132,5609
8132,6024
8132,6701
8132,7292
8132,8132
8133,5610
8133,6025
8133,6702
8133,7293
8133,8133
8134,6703
8134,5611
8134,6026
8134,7294
8134,8134
8135,6599
8135,2890
8135,4954
8135,5498
8135,5922
8135,7295
8135,8135
8136,2928
8136,4955
8136,7296
8136,8136
8137,6601
8137,5500
8137,5924
8137,7297
8137,8137
8138,5501
8138,5925
8138,6602
8138,7298
8138,8138
8139,5502
8139,5926
8139,6603
8139,7299
8139,8139
8140,6604
8140,5503
8140,5927
8140,7300
8140,8140
8141,6605
8141,5504
8141,5928
8141,7301
8141,8141
8142,6606
8142,5505
8142,5929
8142,7302
8142,8142
8143,6607
8143,5506
8143,5930
8143,7303
8143,8143
8144,6608
8144,5507
8144,5931
8144,7304
8144,8144
8145,2970
8145,4956
8145,7305
8145,8145
8146,2973
8146,4957
8146,7306
8146,8146
8147,2979
8147,4958
8147,7307
8147,8147
8148,4959
8148,2918
8148,7308
8148,8148
8149,2872
8149,4960
8149,7309
8149,8149
8150,4961
8150,2883
8150,7310
8150,8150
8151,4962
8151,2861
8151,7311
8151,8151
8152,4963
8152,2972
8152,7312
8152,8152
8153,6609
8153,5508
8153,5932
8153,2978
8153,4964
8153,7313
8153,8153
8154,2952
8154,4965
8154,7314
8154,8154
8155,2849
8155,4966
8155,7315
8155,8155
8158,6610
8158,5509
8158,5933
8158,7318
8158,8158
8159,4967
8159,2871
8159,7319
8159,8159
8160,4968
8160,2911
8160,7320
8160,8160
8161,6615
8161,2887
8161,4969
8161,5514
8161,5938
8161,7321
8161,8161
8162,4970
8162,2917
8162,7322
8162,8162
8163,4971
8163,2962
8163,7323
8163,8163
8164,4972
8164,2902
8164,7324
8164,8164
8165,4973
8165,2923
8165,7325
8165,8165
8166,4974
8166,2974
8166,7326
8166,8166
8167,4975
8167,2942
8167,7327
8167,8167
8168,4976
8168,2921
8168,7328
8168,8168
8169,6611
8169,5510
8169,5934
8169,2898
8169,4977
8169,7329
8169,8169
8170,6612
8170,5511
8170,5935
8170,2930
8170,4978
8170,7330
8170,8170
8171,4979
8171,2982
8171,7331
8171,8171
8172,2985
8172,4980
8172,7332
8172,8172
8173,6614
8173,5513
8173,5937
8173,2939
8173,4981
8173,7333
8173,8173
8174,7335
8174,8175
8175,2892
8175,4982
8175,7334
8175,8174
8175,7335
8175,8175
8176,3420
8176,4983
8176,7336
8176,8176
8177,3480
8177,4984
8177,7337
8177,8177
8178,3477
8178,4985
8178,7338
8178,8178
8179,3478
8179,4986
8179,7339
8179,8179
8180,3479
8180,4987
8180,7340
8180,8180
8181,3481
8181,4988
8181,7341
8181,8181
8182,3485
8182,4989
8182,7342
8182,8182
8183,3483
8183,4990
8183,7343
8183,8183
8184,3482
8184,4991
8184,7344
8184,8184
8185,3486
8185,4992
8185,7345
8185,8185
8186,3484
8186,4993
8186,7346
8186,8186
8187,3487
8187,4994
8187,7347
8187,8187
8188,3444
8188,4995
8188,7348
8188,8188
8189,3427
8189,4996
8189,7349
8189,8189
8190,3449
8190,4997
8190,7350
8190,8190
8191,3453
8191,4998
8191,7351
8191,8191
8192,3429
8192,4999
8192,7352
8192,8192
8193,3415
8193,5000
8193,7353
8193,8193
8194,3488
8194,5001
8194,7354
8194,8194
8195,3440
8195,5002
8195,7355
8195,8195
8196,3446
8196,5003
8196,7356
8196,8196
8197,3454
8197,5004
8197,7357
8197,8197
8198,3438
8198,5005
8198,7358
8198,8198
8199,3417
8199,5006
8199,7359
8199,8199
8200,3425
8200,5007
8200,7360
8200,8200
8201,3442
8201,5008
8201,7361
8201,8201
8202,5009
8202,3424
8202,7362
8202,8202
8203,5010
8203,3421
8203,7363
8203,8203
8204,5011
8204,3443
8204,7364
8204,8204
8205,5012
8205,3451
8205,7365
8205,8205
8206,5013
8206,3445
8206,7366
8206,8206
8207,5014
8207,3489
8207,7367
8207,8207
8208,3437
8208,5015
8208,7368
8208,8208
8209,3469
8209,5016
8209,7369
8209,8209
8210,3472
8210,5017
8210,7370
8210,8210
8211,3466
8211,5018
8211,7371
8211,8211
8212,3470
8212,5019
8212,7372
8212,8212
8213,3471
8213,5020
8213,7373
8213,8213
8214,3473
8214,5021
8214,7374
8214,8214
8215,3468
8215,5022
8215,7375
8215,8215
8216,3467
8216,5023
8216,7376
8216,8216
8217,3450
8217,5024
8217,7377
8217,8217
8218,3452
8218,5025
8218,7378
8218,8218
8219,3436
8219,5026
8219,7379
8219,8219
8220,3418
8220,5027
8220,7380
8220,8220
8221,3439
8221,5028
8221,7381
8221,8221
8222,3441
8222,5029
8222,7382
8222,8222
8223,3433
8223,5030
8223,7383
8223,8223
8224,3490
8224,5031
8224,7384
8224,8224
8225,3434
8225,5032
8225,7385
8225,8225
8226,3435
8226,5033
8226,7386
8226,8226
8227,3423
8227,5034
8227,7387
8227,8227
8228,3416
8228,5035
8228,7388
8228,8228
8229,3430
8229,5036
8229,7389
8229,8229
8230,3426
8230,5037
8230,7390
8230,8230
8231,3419
8231,5038
8231,7391
8231,8231
8232,3428
8232,5039
8232,7392
8232,8232
8233,3422
8233,5040
8233,7393
8233,8233
8234,3431
8234,5041
8234,7394
8234,8234
8235,3448
8235,5042
8235,7395
8235,8235
8236,3447
8236,5043
8236,7396
8236,8236
8237,3455
8237,5044
8237,7397
8237,8237
8238,3491
8238,5045
8238,7398
8238,8238
8239,3016
8239,5046
8239,7399
8239,8239
8240,2996
8240,5047
8240,7400
8240,8240
8241,3005
8241,5048
8241,7401
8241,8241
8242,3009
8242,5049
8242,7402
8242,8242
8243,2993
8243,5050
8243,7403
8243,8243
8244,2999
8244,5051
8244,7404
8244,8244
8245,3008
8245,5052
8245,7405
8245,8245
8246,2991
8246,5053
8246,7406
8246,8246
8247,2994
8247,5054
8247,7407
8247,8247
8248,2988
8248,5055
8248,7408
8248,8248
8249,3014
8249,5056
8249,7409
8249,8249
8250,3007
8250,5057
8250,7410
8250,8250
8251,3015
8251,5058
8251,7411
8251,8251
8252,3006
8252,5059
8252,7412
8252,8252
8253,3000
8253,5060
8253,7413
8253,8253
8254,2998
8254,5061
8254,7414
8254,8254
8255,2992
8255,5062
8255,7415
8255,8255
8256,3012
8256,5063
8256,7416
8256,8256
8257,2995
8257,5064
8257,7417
8257,8257
8258,3001
8258,5065
8258,7418
8258,8258
8259,3010
8259,5066
8259,7419
8259,8259
8260,3004
8260,5067
8260,7420
8260,8260
8261,2997
8261,5068
8261,7421
8261,8261
8262,2990
8262,5069
8262,7422
8262,8262
8263,3003
8263,5070
8263,7423
8263,8263
8265,2986
8265,5071
8265,7425
8265,8265
8266,2987
8266,5072
8266,7426
8266,8266
8267,2989
8267,5073
8267,7427
8267,8267
8268,3002
8268,5074
8268,7428
8268,8268
8269,3011
8269,5075
8269,7429
8269,8269
8270,3013
8270,5076
8270,7430
8270,8270
8271,3028
8271,5077
8271,7431
8271,8271
8272,3022
8272,5078
8272,7432
8272,8272
8273,3018
8273,5079
8273,7433
8273,8273
8274,3021
8274,5080
8274,7434
8274,8274
8275,3019
8275,5081
8275,7435
8275,8275
8276,3024
8276,5082
8276,7436
8276,8276
8277,3020
8277,5083
8277,7437
8277,8277
8278,3027
8278,5084
8278,7438
8278,8278
8279,3017
8279,5085
8279,7439
8279,8279
8280,3025
8280,5086
8280,7440
8280,8280
8281,3023
8281,5087
8281,7441
8281,8281
8282,3026
8282,5088
8282,7442
8282,8282
8283,3351
8283,5089
8283,7443
8283,8283
8284,3366
8284,5090
8284,7444
8284,8284
8285,3365
8285,5091
8285,7445
8285,8285
8286,3361
8286,5092
8286,7446
8286,8286
8287,3346
8287,5093
8287,7447
8287,8287
8288,3343
8288,5094
8288,7448
8288,8288
8289,3358
8289,5095
8289,7449
8289,8289
8290,3371
8290,5096
8290,7450
8290,8290
8291,3344
8291,5097
8291,7451
8291,8291
8292,3348
8292,5098
8292,7452
8292,8292
8293,3354
8293,5099
8293,7453
8293,8293
8294,3368
8294,5100
8294,7454
8294,8294
8295,5101
8295,3373
8295,7455
8295,8295
8296,3355
8296,5102
8296,7456
8296,8296
8297,3357
8297,5103
8297,7457
8297,8297
8298,3367
8298,5104
8298,7458
8298,8298
8299,3356
8299,5105
8299,7459
8299,8299
8300,3350
8300,5106
8300,7460
8300,8300
8301,3349
8301,5107
8301,7461
8301,8301
8302,3364
8302,5108
8302,7462
8302,8302
8303,3370
8303,5109
8303,7463
8303,8303
8304,3353
8304,5110
8304,7464
8304,8304
8305,3360
8305,5111
8305,7465
8305,8305
8306,3363
8306,5112
8306,7466
8306,8306
8307,3372
8307,5113
8307,7467
8307,8307
8308,3362
8308,5114
8308,7468
8308,8308
8309,3342
8309,5115
8309,7469
8309,8309
8310,3352
8310,5116
8310,7470
8310,8310
8311,3359
8311,5117
8311,7471
8311,8311
8312,3345
8312,5118
8312,7472
8312,8312
8313,3347
8313,5119
8313,7473
8313,8313
8314,3369
8314,5120
8314,7474
8314,8314
8315,3120
8315,5121
8315,7475
8315,8315
8316,3113
8316,5122
8316,7476
8316,8316
8317,3102
8317,5123
8317,7477
8317,8317
8318,3119
8318,5124
8318,7478
8318,8318
8319,3112
8319,5125
8319,7479
8319,8319
8320,3114
8320,5126
8320,7480
8320,8320
8321,3098
8321,5127
8321,7481
8321,8321
8322,3117
8322,5128
8322,7482
8322,8322
8323,3088
8323,5129
8323,7483
8323,8323
8324,3122
8324,5130
8324,7484
8324,8324
8325,3107
8325,5131
8325,7485
8325,8325
8326,3089
8326,5132
8326,7486
8326,8326
8327,3115
8327,5137
8327,7487
8327,8327
8328,3109
8328,5142
8328,7488
8328,8328
8329,3121
8329,5143
8329,7489
8329,8329
8330,3100
8330,5148
8330,7490
8330,8330
8331,3085
8331,5149
8331,7491
8331,8331
8332,3116
8332,5150
8332,7492
8332,8332
8333,3095
8333,5151
8333,7493
8333,8333
8334,6713
8334,5521
8334,6036
8334,6936
8334,7776
8334,8334
8334,5152
8334,7494
8334,3093
8335,3101
8335,5153
8335,7495
8335,8335
8336,6712
8336,5520
8336,6035
8336,6934
8336,7774
8336,8336
8336,5154
8336,7496
8336,3108
8337,5155
8337,8337
8337,7497
8337,7775
8337,3090
8337,6935
8337,5522
8337,6037
8337,6714
8338,5156
8338,3104
8338,7498
8338,8338
8339,3123
8339,5157
8339,7499
8339,8339
8339,6716
8339,5524
8339,6039
8339,6939
8339,7779
8340,3091
8340,5158
8340,7500
8340,8340
8340,6717
8340,5525
8340,6040
8340,6940
8340,7780
8341,3111
8341,5159
8341,7501
8341,8341
8341,6718
8341,5526
8341,6041
8341,6941
8341,7781
8342,3086
8342,5160
8342,7502
8342,8342
8342,6719
8342,5527
8342,6042
8342,6942
8342,7782
8343,3063
8343,5161
8343,7503
8343,8343
8344,3029
8344,5162
8344,7504
8344,8344
8345,3076
8345,5163
8345,7505
8345,8345
8346,3036
8346,5164
8346,7506
8346,8346
8347,3043
8347,5165
8347,7507
8347,8347
8348,3082
8348,5166
8348,7508
8348,8348
8349,3071
8349,5167
8349,7509
8349,8349
8350,3068
8350,5168
8350,7510
8350,8350
8351,3059
8351,5169
8351,7511
8351,8351
8352,3074
8352,5170
8352,7512
8352,8352
8353,3072
8353,5171
8353,7513
8353,8353
8354,3055
8354,5172
8354,7514
8354,8354
8355,3045
8355,5173
8355,7515
8355,8355
8362,6620
8362,5528
8362,5943
8362,7522
8362,8362
8363,6621
8363,5529
8363,5944
8363,7523
8363,8363
8364,6622
8364,5530
8364,5945
8364,7524
8364,8364
8365,6633
8365,5541
8365,5956
8365,7525
8365,8365
8366,6634
8366,5542
8366,5957
8366,7526
8366,8366
8367,6635
8367,5543
8367,5958
8367,7527
8367,8367
8368,6636
8368,5544
8368,5959
8368,7528
8368,8368
8369,6638
8369,5546
8369,5961
8369,7529
8369,8369
8370,6640
8370,5548
8370,5963
8370,7530
8370,8370
8371,6641
8371,5549
8371,5964
8371,7531
8371,8371
8372,6642
8372,5550
8372,5965
8372,7532
8372,8372
8373,6643
8373,5551
8373,5966
8373,7533
8373,8373
8374,6644
8374,5552
8374,5967
8374,7534
8374,8374
8377,6645
8377,5553
8377,5968
8377,7537
8377,8377
8378,6646
8378,5554
8378,5969
8378,7538
8378,8378
8379,6647
8379,5555
8379,5970
8379,7539
8379,8379
8380,6648
8380,5556
8380,5971
8380,7540
8380,8380
8381,6649
8381,5557
8381,5972
8381,7541
8381,8381
8382,6650
8382,5558
8382,5973
8382,7542
8382,8382
8383,6651
8383,5559
8383,5974
8383,7543
8383,8383
8384,6652
8384,5560
8384,5975
8384,7544
8384,8384
8385,6653
8385,5561
8385,5976
8385,7545
8385,8385
8386,5562
8386,5977
8386,6654
8386,7546
8386,8386
8387,3492
8387,5174
8387,7547
8387,8387
8390,3158
8390,5175
8390,7550
8390,8390
8391,7551
8391,8391
8391,3168
8391,5177
8392,7552
8392,8392
8392,3179
8392,5179
8394,3148
8394,5181
8394,7554
8394,8394
8397,3161
8397,5182
8397,7557
8397,8397
8399,3137
8399,5183
8399,7559
8399,8399
8404,5631
8404,6055
8404,6732
8404,7564
8404,8404
8405,5632
8405,6056
8405,6733
8405,7565
8405,8405
8406,5633
8406,6057
8406,6734
8406,7566
8406,8406
8407,3177
8407,5186
8407,7567
8407,8407
8408,3138
8408,5187
8408,7568
8408,8408
8409,5634
8409,6058
8409,6735
8409,7569
8409,8409
8410,5636
8410,6060
8410,6737
8410,7570
8410,8410
8411,5637
8411,6061
8411,6738
8411,7571
8411,8411
8412,5638
8412,6062
8412,6739
8412,7572
8412,8412
8413,8414
8413,7574
8414,6063
8414,3169
8414,5188
8414,5639
8414,6740
8414,7573
8414,8413
8414,8414
8414,7574
8415,5640
8415,6064
8415,6741
8415,7575
8415,8415
8416,5641
8416,6065
8416,6742
8416,7576
8416,8416
8417,3174
8417,5190
8417,5642
8417,6066
8417,6743
8417,7577
8417,8417
8418,5643
8418,3134
8418,5192
8418,6067
8418,6744
8418,7578
8418,8418
8419,6068
8419,5644
8419,6745
8419,7579
8419,8419
8421,3178
8421,5194
8421,7581
8421,8421
8422,3140
8422,5195
8422,7582
8422,8422
8425,3149
8425,5214
8425,7585
8425,8425
8426,3155
8426,5215
8426,7586
8426,8426
8427,3159
8427,5216
8427,7587
8427,8427
8428,3142
8428,5217
8428,7588
8428,8428
8430,3147
8430,5218
8430,7590
8430,8430
8431,3133
8431,5219
8431,7591
8431,8431
8433,3145
8433,5226
8433,7593
8433,8433
8434,8436
8435,3151
8435,5228
8435,7595
8435,8435
8436,3136
8436,5227
8436,7594
8436,7596
8436,8434
8436,8436
